form_mode,scope,pool,length,policy,sl,level,metric,observations,pearson,spearman
SUM,configuration,6d6,6,ADAPTIVE,False,signal,signal_raw_sum,1500,0.930563782346419,0.9292264850108021
SUM,configuration,6d6,6,ADAPTIVE,False,signal,signal_max_production,1500,0.930563782346419,0.9292264850108021
SUM,configuration,6d6,6,ADAPTIVE,False,signal,signal_chosen_production,1500,0.6211882300566208,0.6320421467598063
SUM,configuration,6d6,6,ADAPTIVE,False,course,final_form_score,500,0.708770719961401,0.7071007721135956
SUM,configuration,6d6,6,ADAPTIVE,False,course,final_form_final_reserve,500,1.0,1.0
SUM,configuration,6d6,6,ADAPTIVE,True,signal,signal_raw_sum,1500,0.930563782346419,0.9292264850108021
SUM,configuration,6d6,6,ADAPTIVE,True,signal,signal_max_production,1500,0.930563782346419,0.9292264850108021
SUM,configuration,6d6,6,ADAPTIVE,True,signal,signal_chosen_production,1500,0.5418354426892029,0.547449141459658
SUM,configuration,6d6,6,ADAPTIVE,True,course,final_form_score,500,0.4534863012773645,0.4844571536109649
SUM,configuration,6d6,6,ADAPTIVE,True,course,final_form_final_reserve,500,1.0,1.0
SUM,configuration,6d6,6,EFFICIENT,False,signal,signal_raw_sum,1500,0.930563782346419,0.9292264850108021
SUM,configuration,6d6,6,EFFICIENT,False,signal,signal_max_production,1500,0.930563782346419,0.9292264850108021
SUM,configuration,6d6,6,EFFICIENT,False,signal,signal_chosen_production,1500,0.2310186501929831,0.23302743533288084
SUM,configuration,6d6,6,EFFICIENT,False,course,final_form_score,500,0.11676072071713833,0.0998290287793298
SUM,configuration,6d6,6,EFFICIENT,False,course,final_form_final_reserve,500,1.0,1.0
SUM,configuration,6d6,6,EFFICIENT,True,signal,signal_raw_sum,1500,0.930563782346419,0.9292264850108021
SUM,configuration,6d6,6,EFFICIENT,True,signal,signal_max_production,1500,0.930563782346419,0.9292264850108021
SUM,configuration,6d6,6,EFFICIENT,True,signal,signal_chosen_production,1500,0.2310186501929831,0.23302743533288084
SUM,configuration,6d6,6,EFFICIENT,True,course,final_form_score,500,0.0008988931749219728,-0.005485702273313491
SUM,configuration,6d6,6,EFFICIENT,True,course,final_form_final_reserve,500,1.0,1.0
SUM,configuration,6d6,6,GREEDY,False,signal,signal_raw_sum,1500,0.930563782346419,0.9292264850108021
SUM,configuration,6d6,6,GREEDY,False,signal,signal_max_production,1500,0.930563782346419,0.9292264850108021
SUM,configuration,6d6,6,GREEDY,False,signal,signal_chosen_production,1500,0.930563782346419,0.9292264850108021
SUM,configuration,6d6,6,GREEDY,False,course,final_form_score,500,-0.5261215916109712,-0.5141351415919339
SUM,configuration,6d6,6,GREEDY,False,course,final_form_final_reserve,500,0.8314623625253702,0.9349149626197195
SUM,configuration,6d6,6,GREEDY,True,signal,signal_raw_sum,1500,0.930563782346419,0.9292264850108021
SUM,configuration,6d6,6,GREEDY,True,signal,signal_max_production,1500,0.930563782346419,0.9292264850108021
SUM,configuration,6d6,6,GREEDY,True,signal,signal_chosen_production,1500,0.930563782346419,0.9292264850108021
SUM,configuration,6d6,6,GREEDY,True,course,final_form_score,500,-0.7114077606701898,-0.7333884033686704
SUM,configuration,6d6,6,GREEDY,True,course,final_form_final_reserve,500,0.8793157808993513,0.9604517587816253
SUM,configuration,6d6,9,ADAPTIVE,False,signal,signal_raw_sum,1500,0.930563782346419,0.9292264850108021
SUM,configuration,6d6,9,ADAPTIVE,False,signal,signal_max_production,1500,0.930563782346419,0.9292264850108021
SUM,configuration,6d6,9,ADAPTIVE,False,signal,signal_chosen_production,1500,0.6395429610632377,0.6523906159701444
SUM,configuration,6d6,9,ADAPTIVE,False,course,final_form_score,500,0.7368154730021119,0.7298905351082304
SUM,configuration,6d6,9,ADAPTIVE,False,course,final_form_final_reserve,500,1.0,1.0
SUM,configuration,6d6,9,ADAPTIVE,True,signal,signal_raw_sum,1500,0.930563782346419,0.9292264850108021
SUM,configuration,6d6,9,ADAPTIVE,True,signal,signal_max_production,1500,0.930563782346419,0.9292264850108021
SUM,configuration,6d6,9,ADAPTIVE,True,signal,signal_chosen_production,1500,0.5971593477978858,0.6200055576585264
SUM,configuration,6d6,9,ADAPTIVE,True,course,final_form_score,500,0.4818301998001545,0.47523849872042384
SUM,configuration,6d6,9,ADAPTIVE,True,course,final_form_final_reserve,500,1.0,1.0
SUM,configuration,6d6,9,EFFICIENT,False,signal,signal_raw_sum,1500,0.930563782346419,0.9292264850108021
SUM,configuration,6d6,9,EFFICIENT,False,signal,signal_max_production,1500,0.930563782346419,0.9292264850108021
SUM,configuration,6d6,9,EFFICIENT,False,signal,signal_chosen_production,1500,0.2310186501929831,0.23302743533288084
SUM,configuration,6d6,9,EFFICIENT,False,course,final_form_score,500,0.12276668591626119,0.07589269449477323
SUM,configuration,6d6,9,EFFICIENT,False,course,final_form_final_reserve,500,1.0,1.0
SUM,configuration,6d6,9,EFFICIENT,True,signal,signal_raw_sum,1500,0.930563782346419,0.9292264850108021
SUM,configuration,6d6,9,EFFICIENT,True,signal,signal_max_production,1500,0.930563782346419,0.9292264850108021
SUM,configuration,6d6,9,EFFICIENT,True,signal,signal_chosen_production,1500,0.2310186501929831,0.23302743533288084
SUM,configuration,6d6,9,EFFICIENT,True,course,final_form_score,500,0.002315639570130087,-0.021437689245047114
SUM,configuration,6d6,9,EFFICIENT,True,course,final_form_final_reserve,500,1.0,1.0
SUM,configuration,6d6,9,GREEDY,False,signal,signal_raw_sum,1500,0.930563782346419,0.9292264850108021
SUM,configuration,6d6,9,GREEDY,False,signal,signal_max_production,1500,0.930563782346419,0.9292264850108021
SUM,configuration,6d6,9,GREEDY,False,signal,signal_chosen_production,1500,0.930563782346419,0.9292264850108021
SUM,configuration,6d6,9,GREEDY,False,course,final_form_score,500,-0.5898766808110949,-0.6058560019677544
SUM,configuration,6d6,9,GREEDY,False,course,final_form_final_reserve,500,0.7941503837429315,0.9766879937611483
SUM,configuration,6d6,9,GREEDY,True,signal,signal_raw_sum,1500,0.930563782346419,0.9292264850108021
SUM,configuration,6d6,9,GREEDY,True,signal,signal_max_production,1500,0.930563782346419,0.9292264850108021
SUM,configuration,6d6,9,GREEDY,True,signal,signal_chosen_production,1500,0.930563782346419,0.9292264850108021
SUM,configuration,6d6,9,GREEDY,True,course,final_form_score,500,-0.7394539549858336,-0.7705708995528762
SUM,configuration,6d6,9,GREEDY,True,course,final_form_final_reserve,500,0.8091462276971724,0.9855381072764686
SUM,configuration,4d8+1d6,6,ADAPTIVE,False,signal,signal_raw_sum,1500,0.9243041436421344,0.9196045223080875
SUM,configuration,4d8+1d6,6,ADAPTIVE,False,signal,signal_max_production,1500,0.9243041436421344,0.9196045223080875
SUM,configuration,4d8+1d6,6,ADAPTIVE,False,signal,signal_chosen_production,1500,0.5731965101599433,0.5792625811134646
SUM,configuration,4d8+1d6,6,ADAPTIVE,False,course,final_form_score,500,0.5977556061968212,0.6112554665451223
SUM,configuration,4d8+1d6,6,ADAPTIVE,False,course,final_form_final_reserve,500,1.0,1.0
SUM,configuration,4d8+1d6,6,ADAPTIVE,True,signal,signal_raw_sum,1500,0.9243041436421344,0.9196045223080875
SUM,configuration,4d8+1d6,6,ADAPTIVE,True,signal,signal_max_production,1500,0.9243041436421344,0.9196045223080875
SUM,configuration,4d8+1d6,6,ADAPTIVE,True,signal,signal_chosen_production,1500,0.5725906256801906,0.5746343293824777
SUM,configuration,4d8+1d6,6,ADAPTIVE,True,course,final_form_score,500,0.44437356171768994,0.4591292348664433
SUM,configuration,4d8+1d6,6,ADAPTIVE,True,course,final_form_final_reserve,500,1.0,1.0
SUM,configuration,4d8+1d6,6,EFFICIENT,False,signal,signal_raw_sum,1500,0.9243041436421344,0.9196045223080875
SUM,configuration,4d8+1d6,6,EFFICIENT,False,signal,signal_max_production,1500,0.9243041436421344,0.9196045223080875
SUM,configuration,4d8+1d6,6,EFFICIENT,False,signal,signal_chosen_production,1500,0.25634073088455683,0.21904908787852326
SUM,configuration,4d8+1d6,6,EFFICIENT,False,course,final_form_score,500,0.08564254470633038,0.09173246665523448
SUM,configuration,4d8+1d6,6,EFFICIENT,False,course,final_form_final_reserve,500,1.0,1.0
SUM,configuration,4d8+1d6,6,EFFICIENT,True,signal,signal_raw_sum,1500,0.9243041436421344,0.9196045223080875
SUM,configuration,4d8+1d6,6,EFFICIENT,True,signal,signal_max_production,1500,0.9243041436421344,0.9196045223080875
SUM,configuration,4d8+1d6,6,EFFICIENT,True,signal,signal_chosen_production,1500,0.25634073088455683,0.21904908787852326
SUM,configuration,4d8+1d6,6,EFFICIENT,True,course,final_form_score,500,-0.023971601888303433,-0.017403957250921212
SUM,configuration,4d8+1d6,6,EFFICIENT,True,course,final_form_final_reserve,500,1.0,1.0
SUM,configuration,4d8+1d6,6,GREEDY,False,signal,signal_raw_sum,1500,0.9243041436421344,0.9196045223080875
SUM,configuration,4d8+1d6,6,GREEDY,False,signal,signal_max_production,1500,0.9243041436421344,0.9196045223080875
SUM,configuration,4d8+1d6,6,GREEDY,False,signal,signal_chosen_production,1500,0.9243041436421344,0.9196045223080875
SUM,configuration,4d8+1d6,6,GREEDY,False,course,final_form_score,500,-0.31144181799548304,-0.26601280671344474
SUM,configuration,4d8+1d6,6,GREEDY,False,course,final_form_final_reserve,500,0.8520470927122294,0.9123963598657071
SUM,configuration,4d8+1d6,6,GREEDY,True,signal,signal_raw_sum,1500,0.9243041436421344,0.9196045223080875
SUM,configuration,4d8+1d6,6,GREEDY,True,signal,signal_max_production,1500,0.9243041436421344,0.9196045223080875
SUM,configuration,4d8+1d6,6,GREEDY,True,signal,signal_chosen_production,1500,0.9243041436421344,0.9196045223080875
SUM,configuration,4d8+1d6,6,GREEDY,True,course,final_form_score,500,-0.5041242302681679,-0.54845910866773
SUM,configuration,4d8+1d6,6,GREEDY,True,course,final_form_final_reserve,500,0.876772740185639,0.9304894239892165
SUM,configuration,4d8+1d6,9,ADAPTIVE,False,signal,signal_raw_sum,1500,0.9243041436421344,0.9196045223080875
SUM,configuration,4d8+1d6,9,ADAPTIVE,False,signal,signal_max_production,1500,0.9243041436421344,0.9196045223080875
SUM,configuration,4d8+1d6,9,ADAPTIVE,False,signal,signal_chosen_production,1500,0.6011252166895495,0.6193606597638124
SUM,configuration,4d8+1d6,9,ADAPTIVE,False,course,final_form_score,500,0.549905523972327,0.5621369944399501
SUM,configuration,4d8+1d6,9,ADAPTIVE,False,course,final_form_final_reserve,500,1.0,1.0
SUM,configuration,4d8+1d6,9,ADAPTIVE,True,signal,signal_raw_sum,1500,0.9243041436421344,0.9196045223080875
SUM,configuration,4d8+1d6,9,ADAPTIVE,True,signal,signal_max_production,1500,0.9243041436421344,0.9196045223080875
SUM,configuration,4d8+1d6,9,ADAPTIVE,True,signal,signal_chosen_production,1500,0.5736492336249945,0.5753372951506501
SUM,configuration,4d8+1d6,9,ADAPTIVE,True,course,final_form_score,500,0.3522804447759542,0.3550039615482806
SUM,configuration,4d8+1d6,9,ADAPTIVE,True,course,final_form_final_reserve,500,1.0,1.0
SUM,configuration,4d8+1d6,9,EFFICIENT,False,signal,signal_raw_sum,1500,0.9243041436421344,0.9196045223080875
SUM,configuration,4d8+1d6,9,EFFICIENT,False,signal,signal_max_production,1500,0.9243041436421344,0.9196045223080875
SUM,configuration,4d8+1d6,9,EFFICIENT,False,signal,signal_chosen_production,1500,0.25634073088455683,0.21904908787852326
SUM,configuration,4d8+1d6,9,EFFICIENT,False,course,final_form_score,500,0.06869124442981264,0.08821186163029059
SUM,configuration,4d8+1d6,9,EFFICIENT,False,course,final_form_final_reserve,500,1.0,1.0
SUM,configuration,4d8+1d6,9,EFFICIENT,True,signal,signal_raw_sum,1500,0.9243041436421344,0.9196045223080875
SUM,configuration,4d8+1d6,9,EFFICIENT,True,signal,signal_max_production,1500,0.9243041436421344,0.9196045223080875
SUM,configuration,4d8+1d6,9,EFFICIENT,True,signal,signal_chosen_production,1500,0.25634073088455683,0.21904908787852326
SUM,configuration,4d8+1d6,9,EFFICIENT,True,course,final_form_score,500,-0.033551995571100106,-0.02132670689718181
SUM,configuration,4d8+1d6,9,EFFICIENT,True,course,final_form_final_reserve,500,1.0,1.0
SUM,configuration,4d8+1d6,9,GREEDY,False,signal,signal_raw_sum,1500,0.9243041436421344,0.9196045223080875
SUM,configuration,4d8+1d6,9,GREEDY,False,signal,signal_max_production,1500,0.9243041436421344,0.9196045223080875
SUM,configuration,4d8+1d6,9,GREEDY,False,signal,signal_chosen_production,1500,0.9243041436421344,0.9196045223080875
SUM,configuration,4d8+1d6,9,GREEDY,False,course,final_form_score,500,-0.5511435336384551,-0.5589035000538611
SUM,configuration,4d8+1d6,9,GREEDY,False,course,final_form_final_reserve,500,0.8001626018864556,0.9615816378638944
SUM,configuration,4d8+1d6,9,GREEDY,True,signal,signal_raw_sum,1500,0.9243041436421344,0.9196045223080875
SUM,configuration,4d8+1d6,9,GREEDY,True,signal,signal_max_production,1500,0.9243041436421344,0.9196045223080875
SUM,configuration,4d8+1d6,9,GREEDY,True,signal,signal_chosen_production,1500,0.9243041436421344,0.9196045223080875
SUM,configuration,4d8+1d6,9,GREEDY,True,course,final_form_score,500,-0.6513226369262647,-0.7189008974298703
SUM,configuration,4d8+1d6,9,GREEDY,True,course,final_form_final_reserve,500,0.812540338792147,0.9592935466255899
SUM,configuration,2d10+4d6,6,ADAPTIVE,False,signal,signal_raw_sum,1500,0.9211045847322971,0.9182975053961144
SUM,configuration,2d10+4d6,6,ADAPTIVE,False,signal,signal_max_production,1500,0.9211045847322971,0.9182975053961144
SUM,configuration,2d10+4d6,6,ADAPTIVE,False,signal,signal_chosen_production,1500,0.6297893488368402,0.654366536890728
SUM,configuration,2d10+4d6,6,ADAPTIVE,False,course,final_form_score,500,0.7892764124677758,0.8007497298885736
SUM,configuration,2d10+4d6,6,ADAPTIVE,False,course,final_form_final_reserve,500,1.0,1.0
SUM,configuration,2d10+4d6,6,ADAPTIVE,True,signal,signal_raw_sum,1500,0.9211045847322971,0.9182975053961144
SUM,configuration,2d10+4d6,6,ADAPTIVE,True,signal,signal_max_production,1500,0.9211045847322971,0.9182975053961144
SUM,configuration,2d10+4d6,6,ADAPTIVE,True,signal,signal_chosen_production,1500,0.5728204120680538,0.5975834125989846
SUM,configuration,2d10+4d6,6,ADAPTIVE,True,course,final_form_score,500,0.5783213101966654,0.641200947982789
SUM,configuration,2d10+4d6,6,ADAPTIVE,True,course,final_form_final_reserve,500,1.0,1.0
SUM,configuration,2d10+4d6,6,EFFICIENT,False,signal,signal_raw_sum,1500,0.9211045847322971,0.9182975053961144
SUM,configuration,2d10+4d6,6,EFFICIENT,False,signal,signal_max_production,1500,0.9211045847322971,0.9182975053961144
SUM,configuration,2d10+4d6,6,EFFICIENT,False,signal,signal_chosen_production,1500,0.1396278570647653,0.12171291894776681
SUM,configuration,2d10+4d6,6,EFFICIENT,False,course,final_form_score,500,0.13957048504457195,0.11398819772296483
SUM,configuration,2d10+4d6,6,EFFICIENT,False,course,final_form_final_reserve,500,1.0,1.0
SUM,configuration,2d10+4d6,6,EFFICIENT,True,signal,signal_raw_sum,1500,0.9211045847322971,0.9182975053961144
SUM,configuration,2d10+4d6,6,EFFICIENT,True,signal,signal_max_production,1500,0.9211045847322971,0.9182975053961144
SUM,configuration,2d10+4d6,6,EFFICIENT,True,signal,signal_chosen_production,1500,0.1396278570647653,0.12171291894776681
SUM,configuration,2d10+4d6,6,EFFICIENT,True,course,final_form_score,500,0.060018493041550415,0.029814839576405665
SUM,configuration,2d10+4d6,6,EFFICIENT,True,course,final_form_final_reserve,500,1.0,1.0
SUM,configuration,2d10+4d6,6,GREEDY,False,signal,signal_raw_sum,1500,0.9211045847322971,0.9182975053961144
SUM,configuration,2d10+4d6,6,GREEDY,False,signal,signal_max_production,1500,0.9211045847322971,0.9182975053961144
SUM,configuration,2d10+4d6,6,GREEDY,False,signal,signal_chosen_production,1500,0.9211045847322971,0.9182975053961144
SUM,configuration,2d10+4d6,6,GREEDY,False,course,final_form_score,500,0.5352199798196637,0.6271669684615199
SUM,configuration,2d10+4d6,6,GREEDY,False,course,final_form_final_reserve,500,0.7629655564679463,0.7670607145486479
SUM,configuration,2d10+4d6,6,GREEDY,True,signal,signal_raw_sum,1500,0.9211045847322971,0.9182975053961144
SUM,configuration,2d10+4d6,6,GREEDY,True,signal,signal_max_production,1500,0.9211045847322971,0.9182975053961144
SUM,configuration,2d10+4d6,6,GREEDY,True,signal,signal_chosen_production,1500,0.9211045847322971,0.9182975053961144
SUM,configuration,2d10+4d6,6,GREEDY,True,course,final_form_score,500,0.4552456553589019,0.4969354573798757
SUM,configuration,2d10+4d6,6,GREEDY,True,course,final_form_final_reserve,500,0.621813530618674,0.6304618927107808
SUM,configuration,2d10+4d6,9,ADAPTIVE,False,signal,signal_raw_sum,1500,0.9211045847322971,0.9182975053961144
SUM,configuration,2d10+4d6,9,ADAPTIVE,False,signal,signal_max_production,1500,0.9211045847322971,0.9182975053961144
SUM,configuration,2d10+4d6,9,ADAPTIVE,False,signal,signal_chosen_production,1500,0.6351205497457633,0.6740256284528884
SUM,configuration,2d10+4d6,9,ADAPTIVE,False,course,final_form_score,500,0.7933136662913767,0.7967831146247799
SUM,configuration,2d10+4d6,9,ADAPTIVE,False,course,final_form_final_reserve,500,1.0,1.0
SUM,configuration,2d10+4d6,9,ADAPTIVE,True,signal,signal_raw_sum,1500,0.9211045847322971,0.9182975053961144
SUM,configuration,2d10+4d6,9,ADAPTIVE,True,signal,signal_max_production,1500,0.9211045847322971,0.9182975053961144
SUM,configuration,2d10+4d6,9,ADAPTIVE,True,signal,signal_chosen_production,1500,0.5837524224067278,0.6333748850514729
SUM,configuration,2d10+4d6,9,ADAPTIVE,True,course,final_form_score,500,0.6329639620877143,0.6544996036390133
SUM,configuration,2d10+4d6,9,ADAPTIVE,True,course,final_form_final_reserve,500,1.0,1.0
SUM,configuration,2d10+4d6,9,EFFICIENT,False,signal,signal_raw_sum,1500,0.9211045847322971,0.9182975053961144
SUM,configuration,2d10+4d6,9,EFFICIENT,False,signal,signal_max_production,1500,0.9211045847322971,0.9182975053961144
SUM,configuration,2d10+4d6,9,EFFICIENT,False,signal,signal_chosen_production,1500,0.1396278570647653,0.12171291894776681
SUM,configuration,2d10+4d6,9,EFFICIENT,False,course,final_form_score,500,0.14820133089242155,0.14033728116153138
SUM,configuration,2d10+4d6,9,EFFICIENT,False,course,final_form_final_reserve,500,1.0,1.0
SUM,configuration,2d10+4d6,9,EFFICIENT,True,signal,signal_raw_sum,1500,0.9211045847322971,0.9182975053961144
SUM,configuration,2d10+4d6,9,EFFICIENT,True,signal,signal_max_production,1500,0.9211045847322971,0.9182975053961144
SUM,configuration,2d10+4d6,9,EFFICIENT,True,signal,signal_chosen_production,1500,0.1396278570647653,0.12171291894776681
SUM,configuration,2d10+4d6,9,EFFICIENT,True,course,final_form_score,500,0.06372200925707784,0.0487715872519586
SUM,configuration,2d10+4d6,9,EFFICIENT,True,course,final_form_final_reserve,500,1.0,1.0
SUM,configuration,2d10+4d6,9,GREEDY,False,signal,signal_raw_sum,1500,0.9211045847322971,0.9182975053961144
SUM,configuration,2d10+4d6,9,GREEDY,False,signal,signal_max_production,1500,0.9211045847322971,0.9182975053961144
SUM,configuration,2d10+4d6,9,GREEDY,False,signal,signal_chosen_production,1500,0.9211045847322971,0.9182975053961144
SUM,configuration,2d10+4d6,9,GREEDY,False,course,final_form_score,500,0.023060328453608222,0.2944283565806626
SUM,configuration,2d10+4d6,9,GREEDY,False,course,final_form_final_reserve,500,0.7468534495104453,0.7752961139890928
SUM,configuration,2d10+4d6,9,GREEDY,True,signal,signal_raw_sum,1500,0.9211045847322971,0.9182975053961144
SUM,configuration,2d10+4d6,9,GREEDY,True,signal,signal_max_production,1500,0.9211045847322971,0.9182975053961144
SUM,configuration,2d10+4d6,9,GREEDY,True,signal,signal_chosen_production,1500,0.9211045847322971,0.9182975053961144
SUM,configuration,2d10+4d6,9,GREEDY,True,course,final_form_score,500,-0.004699647309941254,0.19141780921658533
SUM,configuration,2d10+4d6,9,GREEDY,True,course,final_form_final_reserve,500,0.6078714765727737,0.6393872557390143
SUM,configuration,1d8+3d6,6,ADAPTIVE,False,signal,signal_raw_sum,1500,0.9273840007719665,0.9321397281077728
SUM,configuration,1d8+3d6,6,ADAPTIVE,False,signal,signal_max_production,1500,0.9273840007719665,0.9321397281077728
SUM,configuration,1d8+3d6,6,ADAPTIVE,False,signal,signal_chosen_production,1500,0.536556645283453,0.5597394688720214
SUM,configuration,1d8+3d6,6,ADAPTIVE,False,course,final_form_score,500,0.5828325125545689,0.5852387471218553
SUM,configuration,1d8+3d6,6,ADAPTIVE,False,course,final_form_final_reserve,500,1.0,1.0
SUM,configuration,1d8+3d6,6,ADAPTIVE,True,signal,signal_raw_sum,1500,0.9273840007719665,0.9321397281077728
SUM,configuration,1d8+3d6,6,ADAPTIVE,True,signal,signal_max_production,1500,0.9273840007719665,0.9321397281077728
SUM,configuration,1d8+3d6,6,ADAPTIVE,True,signal,signal_chosen_production,1500,0.48124256485990624,0.48743661324490034
SUM,configuration,1d8+3d6,6,ADAPTIVE,True,course,final_form_score,500,0.3612207457815351,0.3498708225552599
SUM,configuration,1d8+3d6,6,ADAPTIVE,True,course,final_form_final_reserve,500,1.0,1.0
SUM,configuration,1d8+3d6,6,EFFICIENT,False,signal,signal_raw_sum,1500,0.9273840007719665,0.9321397281077728
SUM,configuration,1d8+3d6,6,EFFICIENT,False,signal,signal_max_production,1500,0.9273840007719665,0.9321397281077728
SUM,configuration,1d8+3d6,6,EFFICIENT,False,signal,signal_chosen_production,1500,0.6413414962032296,0.6593199161239438
SUM,configuration,1d8+3d6,6,EFFICIENT,False,course,final_form_score,500,0.5106957607121311,0.5311330407371675
SUM,configuration,1d8+3d6,6,EFFICIENT,False,course,final_form_final_reserve,500,1.0,1.0
SUM,configuration,1d8+3d6,6,EFFICIENT,True,signal,signal_raw_sum,1500,0.9273840007719665,0.9321397281077728
SUM,configuration,1d8+3d6,6,EFFICIENT,True,signal,signal_max_production,1500,0.9273840007719665,0.9321397281077728
SUM,configuration,1d8+3d6,6,EFFICIENT,True,signal,signal_chosen_production,1500,0.6413414962032296,0.6593199161239438
SUM,configuration,1d8+3d6,6,EFFICIENT,True,course,final_form_score,500,0.2597313618593617,0.28341166961641323
SUM,configuration,1d8+3d6,6,EFFICIENT,True,course,final_form_final_reserve,500,1.0,1.0
SUM,configuration,1d8+3d6,6,GREEDY,False,signal,signal_raw_sum,1500,0.9273840007719665,0.9321397281077728
SUM,configuration,1d8+3d6,6,GREEDY,False,signal,signal_max_production,1500,0.9273840007719665,0.9321397281077728
SUM,configuration,1d8+3d6,6,GREEDY,False,signal,signal_chosen_production,1500,0.9273840007719665,0.9321397281077728
SUM,configuration,1d8+3d6,6,GREEDY,False,course,final_form_score,500,0.6566703217767375,0.6681687937869011
SUM,configuration,1d8+3d6,6,GREEDY,False,course,final_form_final_reserve,500,0.9995122572967416,0.9999060969258823
SUM,configuration,1d8+3d6,6,GREEDY,True,signal,signal_raw_sum,1500,0.9273840007719665,0.9321397281077728
SUM,configuration,1d8+3d6,6,GREEDY,True,signal,signal_max_production,1500,0.9273840007719665,0.9321397281077728
SUM,configuration,1d8+3d6,6,GREEDY,True,signal,signal_chosen_production,1500,0.9273840007719665,0.9321397281077728
SUM,configuration,1d8+3d6,6,GREEDY,True,course,final_form_score,500,0.524641176277685,0.5287622160903171
SUM,configuration,1d8+3d6,6,GREEDY,True,course,final_form_final_reserve,500,0.9989842383680579,0.9997915103382019
SUM,configuration,1d8+3d6,9,ADAPTIVE,False,signal,signal_raw_sum,1500,0.9273840007719665,0.9321397281077728
SUM,configuration,1d8+3d6,9,ADAPTIVE,False,signal,signal_max_production,1500,0.9273840007719665,0.9321397281077728
SUM,configuration,1d8+3d6,9,ADAPTIVE,False,signal,signal_chosen_production,1500,0.5512518636092074,0.5802118955272211
SUM,configuration,1d8+3d6,9,ADAPTIVE,False,course,final_form_score,500,0.47772876804927433,0.46523707445839524
SUM,configuration,1d8+3d6,9,ADAPTIVE,False,course,final_form_final_reserve,500,1.0,1.0
SUM,configuration,1d8+3d6,9,ADAPTIVE,True,signal,signal_raw_sum,1500,0.9273840007719665,0.9321397281077728
SUM,configuration,1d8+3d6,9,ADAPTIVE,True,signal,signal_max_production,1500,0.9273840007719665,0.9321397281077728
SUM,configuration,1d8+3d6,9,ADAPTIVE,True,signal,signal_chosen_production,1500,0.4830589247890469,0.4813968486648025
SUM,configuration,1d8+3d6,9,ADAPTIVE,True,course,final_form_score,500,0.26436482438298436,0.24467544507164649
SUM,configuration,1d8+3d6,9,ADAPTIVE,True,course,final_form_final_reserve,500,1.0,1.0
SUM,configuration,1d8+3d6,9,EFFICIENT,False,signal,signal_raw_sum,1500,0.9273840007719665,0.9321397281077728
SUM,configuration,1d8+3d6,9,EFFICIENT,False,signal,signal_max_production,1500,0.9273840007719665,0.9321397281077728
SUM,configuration,1d8+3d6,9,EFFICIENT,False,signal,signal_chosen_production,1500,0.6413414962032296,0.6593199161239438
SUM,configuration,1d8+3d6,9,EFFICIENT,False,course,final_form_score,500,0.3975086254506958,0.3940523974847459
SUM,configuration,1d8+3d6,9,EFFICIENT,False,course,final_form_final_reserve,500,1.0,1.0
SUM,configuration,1d8+3d6,9,EFFICIENT,True,signal,signal_raw_sum,1500,0.9273840007719665,0.9321397281077728
SUM,configuration,1d8+3d6,9,EFFICIENT,True,signal,signal_max_production,1500,0.9273840007719665,0.9321397281077728
SUM,configuration,1d8+3d6,9,EFFICIENT,True,signal,signal_chosen_production,1500,0.6413414962032296,0.6593199161239438
SUM,configuration,1d8+3d6,9,EFFICIENT,True,course,final_form_score,500,0.18388098601981573,0.18240399702392865
SUM,configuration,1d8+3d6,9,EFFICIENT,True,course,final_form_final_reserve,500,1.0,1.0
SUM,configuration,1d8+3d6,9,GREEDY,False,signal,signal_raw_sum,1500,0.9273840007719665,0.9321397281077728
SUM,configuration,1d8+3d6,9,GREEDY,False,signal,signal_max_production,1500,0.9273840007719665,0.9321397281077728
SUM,configuration,1d8+3d6,9,GREEDY,False,signal,signal_chosen_production,1500,0.9273840007719665,0.9321397281077728
SUM,configuration,1d8+3d6,9,GREEDY,False,course,final_form_score,500,0.556468353604126,0.5425837476838982
SUM,configuration,1d8+3d6,9,GREEDY,False,course,final_form_final_reserve,500,1.0,1.0
SUM,configuration,1d8+3d6,9,GREEDY,True,signal,signal_raw_sum,1500,0.9273840007719665,0.9321397281077728
SUM,configuration,1d8+3d6,9,GREEDY,True,signal,signal_max_production,1500,0.9273840007719665,0.9321397281077728
SUM,configuration,1d8+3d6,9,GREEDY,True,signal,signal_chosen_production,1500,0.9273840007719665,0.9321397281077728
SUM,configuration,1d8+3d6,9,GREEDY,True,course,final_form_score,500,0.43031578024669365,0.40969004291944056
SUM,configuration,1d8+3d6,9,GREEDY,True,course,final_form_final_reserve,500,1.0,1.0
PATTERN,configuration,6d6,6,ADAPTIVE,False,signal,signal_raw_sum,1500,3.648205035069998e-05,0.004736811735069824
PATTERN,configuration,6d6,6,ADAPTIVE,False,signal,signal_max_production,1500,3.648205035069998e-05,0.004736811735069824
PATTERN,configuration,6d6,6,ADAPTIVE,False,signal,signal_chosen_production,1500,0.19707962915727434,0.3182734555169755
PATTERN,configuration,6d6,6,ADAPTIVE,False,course,final_form_score,500,0.4775929900189839,0.5187962580010651
PATTERN,configuration,6d6,6,ADAPTIVE,False,course,final_form_final_reserve,500,1.0,1.0
PATTERN,configuration,6d6,6,ADAPTIVE,True,signal,signal_raw_sum,1500,3.648205035069998e-05,0.004736811735069824
PATTERN,configuration,6d6,6,ADAPTIVE,True,signal,signal_max_production,1500,3.648205035069998e-05,0.004736811735069824
PATTERN,configuration,6d6,6,ADAPTIVE,True,signal,signal_chosen_production,1500,0.020701938589979776,0.16203888749245926
PATTERN,configuration,6d6,6,ADAPTIVE,True,course,final_form_score,500,0.21002398628126706,0.26113629278719575
PATTERN,configuration,6d6,6,ADAPTIVE,True,course,final_form_final_reserve,500,1.0,1.0
PATTERN,configuration,6d6,6,EFFICIENT,False,signal,signal_raw_sum,1500,3.648205035069998e-05,0.004736811735069824
PATTERN,configuration,6d6,6,EFFICIENT,False,signal,signal_max_production,1500,3.648205035069998e-05,0.004736811735069824
PATTERN,configuration,6d6,6,EFFICIENT,False,signal,signal_chosen_production,1500,-0.33598559591134414,-0.32662366815049176
PATTERN,configuration,6d6,6,EFFICIENT,False,course,final_form_score,500,-0.27123893885443096,-0.2370103024905734
PATTERN,configuration,6d6,6,EFFICIENT,False,course,final_form_final_reserve,500,1.0,1.0
PATTERN,configuration,6d6,6,EFFICIENT,True,signal,signal_raw_sum,1500,3.648205035069998e-05,0.004736811735069824
PATTERN,configuration,6d6,6,EFFICIENT,True,signal,signal_max_production,1500,3.648205035069998e-05,0.004736811735069824
PATTERN,configuration,6d6,6,EFFICIENT,True,signal,signal_chosen_production,1500,-0.33598559591134414,-0.32662366815049176
PATTERN,configuration,6d6,6,EFFICIENT,True,course,final_form_score,500,-0.32418490474846945,-0.2829222470978069
PATTERN,configuration,6d6,6,EFFICIENT,True,course,final_form_final_reserve,500,1.0,1.0
PATTERN,configuration,6d6,6,GREEDY,False,signal,signal_raw_sum,1500,3.648205035069998e-05,0.004736811735069824
PATTERN,configuration,6d6,6,GREEDY,False,signal,signal_max_production,1500,3.648205035069998e-05,0.004736811735069824
PATTERN,configuration,6d6,6,GREEDY,False,signal,signal_chosen_production,1500,3.648205035069998e-05,0.004736811735069824
PATTERN,configuration,6d6,6,GREEDY,False,course,final_form_score,500,0.033829165001188245,0.03789093446590846
PATTERN,configuration,6d6,6,GREEDY,False,course,final_form_final_reserve,500,0.2513361277267362,0.44203014860301143
PATTERN,configuration,6d6,6,GREEDY,True,signal,signal_raw_sum,1500,3.648205035069998e-05,0.004736811735069824
PATTERN,configuration,6d6,6,GREEDY,True,signal,signal_max_production,1500,3.648205035069998e-05,0.004736811735069824
PATTERN,configuration,6d6,6,GREEDY,True,signal,signal_chosen_production,1500,3.648205035069998e-05,0.004736811735069824
PATTERN,configuration,6d6,6,GREEDY,True,course,final_form_score,500,-0.04457246888338028,-0.04015946713328266
PATTERN,configuration,6d6,6,GREEDY,True,course,final_form_final_reserve,500,0.25381123467156425,0.49124759509106275
PATTERN,configuration,6d6,9,ADAPTIVE,False,signal,signal_raw_sum,1500,3.648205035069998e-05,0.004736811735069824
PATTERN,configuration,6d6,9,ADAPTIVE,False,signal,signal_max_production,1500,3.648205035069998e-05,0.004736811735069824
PATTERN,configuration,6d6,9,ADAPTIVE,False,signal,signal_chosen_production,1500,0.19252975898741426,0.3343188954628176
PATTERN,configuration,6d6,9,ADAPTIVE,False,course,final_form_score,500,0.5516053622440359,0.5511144046925757
PATTERN,configuration,6d6,9,ADAPTIVE,False,course,final_form_final_reserve,500,1.0,1.0
PATTERN,configuration,6d6,9,ADAPTIVE,True,signal,signal_raw_sum,1500,3.648205035069998e-05,0.004736811735069824
PATTERN,configuration,6d6,9,ADAPTIVE,True,signal,signal_max_production,1500,3.648205035069998e-05,0.004736811735069824
PATTERN,configuration,6d6,9,ADAPTIVE,True,signal,signal_chosen_production,1500,0.04931125262013628,0.24295958293605754
PATTERN,configuration,6d6,9,ADAPTIVE,True,course,final_form_score,500,0.31198581328248504,0.31441835828791076
PATTERN,configuration,6d6,9,ADAPTIVE,True,course,final_form_final_reserve,500,1.0,1.0
PATTERN,configuration,6d6,9,EFFICIENT,False,signal,signal_raw_sum,1500,3.648205035069998e-05,0.004736811735069824
PATTERN,configuration,6d6,9,EFFICIENT,False,signal,signal_max_production,1500,3.648205035069998e-05,0.004736811735069824
PATTERN,configuration,6d6,9,EFFICIENT,False,signal,signal_chosen_production,1500,-0.33598559591134414,-0.32662366815049176
PATTERN,configuration,6d6,9,EFFICIENT,False,course,final_form_score,500,-0.29830500000235954,-0.2603004243439233
PATTERN,configuration,6d6,9,EFFICIENT,False,course,final_form_final_reserve,500,1.0,1.0
PATTERN,configuration,6d6,9,EFFICIENT,True,signal,signal_raw_sum,1500,3.648205035069998e-05,0.004736811735069824
PATTERN,configuration,6d6,9,EFFICIENT,True,signal,signal_max_production,1500,3.648205035069998e-05,0.004736811735069824
PATTERN,configuration,6d6,9,EFFICIENT,True,signal,signal_chosen_production,1500,-0.33598559591134414,-0.32662366815049176
PATTERN,configuration,6d6,9,EFFICIENT,True,course,final_form_score,500,-0.3390260175590496,-0.28392462339070423
PATTERN,configuration,6d6,9,EFFICIENT,True,course,final_form_final_reserve,500,1.0,1.0
PATTERN,configuration,6d6,9,GREEDY,False,signal,signal_raw_sum,1500,3.648205035069998e-05,0.004736811735069824
PATTERN,configuration,6d6,9,GREEDY,False,signal,signal_max_production,1500,3.648205035069998e-05,0.004736811735069824
PATTERN,configuration,6d6,9,GREEDY,False,signal,signal_chosen_production,1500,3.648205035069998e-05,0.004736811735069824
PATTERN,configuration,6d6,9,GREEDY,False,course,final_form_score,500,-0.007903408291348129,-0.006820417185242605
PATTERN,configuration,6d6,9,GREEDY,False,course,final_form_final_reserve,500,0.3505554224786166,0.6764985343824611
PATTERN,configuration,6d6,9,GREEDY,True,signal,signal_raw_sum,1500,3.648205035069998e-05,0.004736811735069824
PATTERN,configuration,6d6,9,GREEDY,True,signal,signal_max_production,1500,3.648205035069998e-05,0.004736811735069824
PATTERN,configuration,6d6,9,GREEDY,True,signal,signal_chosen_production,1500,3.648205035069998e-05,0.004736811735069824
PATTERN,configuration,6d6,9,GREEDY,True,course,final_form_score,500,-0.08304397448488413,-0.09017854244364193
PATTERN,configuration,6d6,9,GREEDY,True,course,final_form_final_reserve,500,0.3112469514757205,0.7006530174848085
PATTERN,configuration,4d8+1d6,6,ADAPTIVE,False,signal,signal_raw_sum,1500,-0.0916433580448712,-0.09326876604694344
PATTERN,configuration,4d8+1d6,6,ADAPTIVE,False,signal,signal_max_production,1500,-0.0916433580448712,-0.09326876604694344
PATTERN,configuration,4d8+1d6,6,ADAPTIVE,False,signal,signal_chosen_production,1500,0.03919202590272956,0.18300516379095227
PATTERN,configuration,4d8+1d6,6,ADAPTIVE,False,course,final_form_score,500,0.38852297057168256,0.4064268268731577
PATTERN,configuration,4d8+1d6,6,ADAPTIVE,False,course,final_form_final_reserve,500,1.0000000000000002,1.0
PATTERN,configuration,4d8+1d6,6,ADAPTIVE,True,signal,signal_raw_sum,1500,-0.0916433580448712,-0.09326876604694344
PATTERN,configuration,4d8+1d6,6,ADAPTIVE,True,signal,signal_max_production,1500,-0.0916433580448712,-0.09326876604694344
PATTERN,configuration,4d8+1d6,6,ADAPTIVE,True,signal,signal_chosen_production,1500,0.015424330813946308,0.16441278447530264
PATTERN,configuration,4d8+1d6,6,ADAPTIVE,True,course,final_form_score,500,0.25575068497381087,0.2605694261697115
PATTERN,configuration,4d8+1d6,6,ADAPTIVE,True,course,final_form_final_reserve,500,1.0,1.0
PATTERN,configuration,4d8+1d6,6,EFFICIENT,False,signal,signal_raw_sum,1500,-0.0916433580448712,-0.09326876604694344
PATTERN,configuration,4d8+1d6,6,EFFICIENT,False,signal,signal_max_production,1500,-0.0916433580448712,-0.09326876604694344
PATTERN,configuration,4d8+1d6,6,EFFICIENT,False,signal,signal_chosen_production,1500,-0.4201240528161171,-0.43595549925364524
PATTERN,configuration,4d8+1d6,6,EFFICIENT,False,course,final_form_score,500,-0.337026515847985,-0.36800864052872084
PATTERN,configuration,4d8+1d6,6,EFFICIENT,False,course,final_form_final_reserve,500,1.0000000000000002,1.0
PATTERN,configuration,4d8+1d6,6,EFFICIENT,True,signal,signal_raw_sum,1500,-0.0916433580448712,-0.09326876604694344
PATTERN,configuration,4d8+1d6,6,EFFICIENT,True,signal,signal_max_production,1500,-0.0916433580448712,-0.09326876604694344
PATTERN,configuration,4d8+1d6,6,EFFICIENT,True,signal,signal_chosen_production,1500,-0.4201240528161171,-0.43595549925364524
PATTERN,configuration,4d8+1d6,6,EFFICIENT,True,course,final_form_score,500,-0.32788714746472036,-0.3446790676615578
PATTERN,configuration,4d8+1d6,6,EFFICIENT,True,course,final_form_final_reserve,500,1.0,1.0
PATTERN,configuration,4d8+1d6,6,GREEDY,False,signal,signal_raw_sum,1500,-0.0916433580448712,-0.09326876604694344
PATTERN,configuration,4d8+1d6,6,GREEDY,False,signal,signal_max_production,1500,-0.0916433580448712,-0.09326876604694344
PATTERN,configuration,4d8+1d6,6,GREEDY,False,signal,signal_chosen_production,1500,-0.0916433580448712,-0.09326876604694344
PATTERN,configuration,4d8+1d6,6,GREEDY,False,course,final_form_score,500,0.08738524364790787,0.0865383415096158
PATTERN,configuration,4d8+1d6,6,GREEDY,False,course,final_form_final_reserve,500,0.1126820890426149,0.22211408677477698
PATTERN,configuration,4d8+1d6,6,GREEDY,True,signal,signal_raw_sum,1500,-0.0916433580448712,-0.09326876604694344
PATTERN,configuration,4d8+1d6,6,GREEDY,True,signal,signal_max_production,1500,-0.0916433580448712,-0.09326876604694344
PATTERN,configuration,4d8+1d6,6,GREEDY,True,signal,signal_chosen_production,1500,-0.0916433580448712,-0.09326876604694344
PATTERN,configuration,4d8+1d6,6,GREEDY,True,course,final_form_score,500,0.07106648298460432,0.07459413931590608
PATTERN,configuration,4d8+1d6,6,GREEDY,True,course,final_form_final_reserve,500,0.06088208625507662,0.19481191359440675
PATTERN,configuration,4d8+1d6,9,ADAPTIVE,False,signal,signal_raw_sum,1500,-0.0916433580448712,-0.09326876604694344
PATTERN,configuration,4d8+1d6,9,ADAPTIVE,False,signal,signal_max_production,1500,-0.0916433580448712,-0.09326876604694344
PATTERN,configuration,4d8+1d6,9,ADAPTIVE,False,signal,signal_chosen_production,1500,0.06737718675729339,0.2589870184974273
PATTERN,configuration,4d8+1d6,9,ADAPTIVE,False,course,final_form_score,500,0.4098181626028096,0.4014222342210435
PATTERN,configuration,4d8+1d6,9,ADAPTIVE,False,course,final_form_final_reserve,500,1.0000000000000002,1.0
PATTERN,configuration,4d8+1d6,9,ADAPTIVE,True,signal,signal_raw_sum,1500,-0.0916433580448712,-0.09326876604694344
PATTERN,configuration,4d8+1d6,9,ADAPTIVE,True,signal,signal_max_production,1500,-0.0916433580448712,-0.09326876604694344
PATTERN,configuration,4d8+1d6,9,ADAPTIVE,True,signal,signal_chosen_production,1500,-0.0019165029685745088,0.17416433628616973
PATTERN,configuration,4d8+1d6,9,ADAPTIVE,True,course,final_form_score,500,0.25110642552841955,0.2354436301688278
PATTERN,configuration,4d8+1d6,9,ADAPTIVE,True,course,final_form_final_reserve,500,1.0,1.0
PATTERN,configuration,4d8+1d6,9,EFFICIENT,False,signal,signal_raw_sum,1500,-0.0916433580448712,-0.09326876604694344
PATTERN,configuration,4d8+1d6,9,EFFICIENT,False,signal,signal_max_production,1500,-0.0916433580448712,-0.09326876604694344
PATTERN,configuration,4d8+1d6,9,EFFICIENT,False,signal,signal_chosen_production,1500,-0.4201240528161171,-0.43595549925364524
PATTERN,configuration,4d8+1d6,9,EFFICIENT,False,course,final_form_score,500,-0.26215435138864873,-0.2689004413915396
PATTERN,configuration,4d8+1d6,9,EFFICIENT,False,course,final_form_final_reserve,500,1.0000000000000002,1.0
PATTERN,configuration,4d8+1d6,9,EFFICIENT,True,signal,signal_raw_sum,1500,-0.0916433580448712,-0.09326876604694344
PATTERN,configuration,4d8+1d6,9,EFFICIENT,True,signal,signal_max_production,1500,-0.0916433580448712,-0.09326876604694344
PATTERN,configuration,4d8+1d6,9,EFFICIENT,True,signal,signal_chosen_production,1500,-0.4201240528161171,-0.43595549925364524
PATTERN,configuration,4d8+1d6,9,EFFICIENT,True,course,final_form_score,500,-0.23652447126948778,-0.23323362368047967
PATTERN,configuration,4d8+1d6,9,EFFICIENT,True,course,final_form_final_reserve,500,1.0,1.0
PATTERN,configuration,4d8+1d6,9,GREEDY,False,signal,signal_raw_sum,1500,-0.0916433580448712,-0.09326876604694344
PATTERN,configuration,4d8+1d6,9,GREEDY,False,signal,signal_max_production,1500,-0.0916433580448712,-0.09326876604694344
PATTERN,configuration,4d8+1d6,9,GREEDY,False,signal,signal_chosen_production,1500,-0.0916433580448712,-0.09326876604694344
PATTERN,configuration,4d8+1d6,9,GREEDY,False,course,final_form_score,500,0.11164226566622419,0.14705477165836478
PATTERN,configuration,4d8+1d6,9,GREEDY,False,course,final_form_final_reserve,500,0.21192913771992686,0.5039174143151821
PATTERN,configuration,4d8+1d6,9,GREEDY,True,signal,signal_raw_sum,1500,-0.0916433580448712,-0.09326876604694344
PATTERN,configuration,4d8+1d6,9,GREEDY,True,signal,signal_max_production,1500,-0.0916433580448712,-0.09326876604694344
PATTERN,configuration,4d8+1d6,9,GREEDY,True,signal,signal_chosen_production,1500,-0.0916433580448712,-0.09326876604694344
PATTERN,configuration,4d8+1d6,9,GREEDY,True,course,final_form_score,500,0.11049394273098284,0.15374795030075106
PATTERN,configuration,4d8+1d6,9,GREEDY,True,course,final_form_final_reserve,500,0.13945496516376038,0.4805064331435397
PATTERN,configuration,2d10+4d6,6,ADAPTIVE,False,signal,signal_raw_sum,1500,-0.3242820412386455,-0.3287178406848536
PATTERN,configuration,2d10+4d6,6,ADAPTIVE,False,signal,signal_max_production,1500,-0.3242820412386455,-0.3287178406848536
PATTERN,configuration,2d10+4d6,6,ADAPTIVE,False,signal,signal_chosen_production,1500,0.15404022012790622,0.31113161829794556
PATTERN,configuration,2d10+4d6,6,ADAPTIVE,False,course,final_form_score,500,0.6165606409294139,0.650299230791825
PATTERN,configuration,2d10+4d6,6,ADAPTIVE,False,course,final_form_final_reserve,500,1.0,1.0
PATTERN,configuration,2d10+4d6,6,ADAPTIVE,True,signal,signal_raw_sum,1500,-0.3242820412386455,-0.3287178406848536
PATTERN,configuration,2d10+4d6,6,ADAPTIVE,True,signal,signal_max_production,1500,-0.3242820412386455,-0.3287178406848536
PATTERN,configuration,2d10+4d6,6,ADAPTIVE,True,signal,signal_chosen_production,1500,-0.0005853306518899447,0.18004334631901564
PATTERN,configuration,2d10+4d6,6,ADAPTIVE,True,course,final_form_score,500,0.34347483031960246,0.425488993578651
PATTERN,configuration,2d10+4d6,6,ADAPTIVE,True,course,final_form_final_reserve,500,1.0,1.0
PATTERN,configuration,2d10+4d6,6,EFFICIENT,False,signal,signal_raw_sum,1500,-0.3242820412386455,-0.3287178406848536
PATTERN,configuration,2d10+4d6,6,EFFICIENT,False,signal,signal_max_production,1500,-0.3242820412386455,-0.3287178406848536
PATTERN,configuration,2d10+4d6,6,EFFICIENT,False,signal,signal_chosen_production,1500,-0.2499898074509902,-0.24128148204476463
PATTERN,configuration,2d10+4d6,6,EFFICIENT,False,course,final_form_score,500,-0.24780011262196708,-0.20997393850432614
PATTERN,configuration,2d10+4d6,6,EFFICIENT,False,course,final_form_final_reserve,500,1.0,1.0
PATTERN,configuration,2d10+4d6,6,EFFICIENT,True,signal,signal_raw_sum,1500,-0.3242820412386455,-0.3287178406848536
PATTERN,configuration,2d10+4d6,6,EFFICIENT,True,signal,signal_max_production,1500,-0.3242820412386455,-0.3287178406848536
PATTERN,configuration,2d10+4d6,6,EFFICIENT,True,signal,signal_chosen_production,1500,-0.2499898074509902,-0.24128148204476463
PATTERN,configuration,2d10+4d6,6,EFFICIENT,True,course,final_form_score,500,-0.24225845816663327,-0.20917446662140382
PATTERN,configuration,2d10+4d6,6,EFFICIENT,True,course,final_form_final_reserve,500,1.0,1.0
PATTERN,configuration,2d10+4d6,6,GREEDY,False,signal,signal_raw_sum,1500,-0.3242820412386455,-0.3287178406848536
PATTERN,configuration,2d10+4d6,6,GREEDY,False,signal,signal_max_production,1500,-0.3242820412386455,-0.3287178406848536
PATTERN,configuration,2d10+4d6,6,GREEDY,False,signal,signal_chosen_production,1500,-0.3242820412386455,-0.3287178406848536
PATTERN,configuration,2d10+4d6,6,GREEDY,False,course,final_form_score,500,0.04722723812888284,-0.029906300011282964
PATTERN,configuration,2d10+4d6,6,GREEDY,False,course,final_form_final_reserve,500,-0.3047605573081509,-0.3121985303843284
PATTERN,configuration,2d10+4d6,6,GREEDY,True,signal,signal_raw_sum,1500,-0.3242820412386455,-0.3287178406848536
PATTERN,configuration,2d10+4d6,6,GREEDY,True,signal,signal_max_production,1500,-0.3242820412386455,-0.3287178406848536
PATTERN,configuration,2d10+4d6,6,GREEDY,True,signal,signal_chosen_production,1500,-0.3242820412386455,-0.3287178406848536
PATTERN,configuration,2d10+4d6,6,GREEDY,True,course,final_form_score,500,0.027476249444568085,-0.04093223224530274
PATTERN,configuration,2d10+4d6,6,GREEDY,True,course,final_form_final_reserve,500,-0.19485456615073515,-0.20482876450825618
PATTERN,configuration,2d10+4d6,9,ADAPTIVE,False,signal,signal_raw_sum,1500,-0.3242820412386455,-0.3287178406848536
PATTERN,configuration,2d10+4d6,9,ADAPTIVE,False,signal,signal_max_production,1500,-0.3242820412386455,-0.3287178406848536
PATTERN,configuration,2d10+4d6,9,ADAPTIVE,False,signal,signal_chosen_production,1500,0.1564970423705991,0.32767187826751215
PATTERN,configuration,2d10+4d6,9,ADAPTIVE,False,course,final_form_score,500,0.6670746273618576,0.667412267712044
PATTERN,configuration,2d10+4d6,9,ADAPTIVE,False,course,final_form_final_reserve,500,1.0,1.0
PATTERN,configuration,2d10+4d6,9,ADAPTIVE,True,signal,signal_raw_sum,1500,-0.3242820412386455,-0.3287178406848536
PATTERN,configuration,2d10+4d6,9,ADAPTIVE,True,signal,signal_max_production,1500,-0.3242820412386455,-0.3287178406848536
PATTERN,configuration,2d10+4d6,9,ADAPTIVE,True,signal,signal_chosen_production,1500,0.007470728858911249,0.2133074350419798
PATTERN,configuration,2d10+4d6,9,ADAPTIVE,True,course,final_form_score,500,0.4487541735299811,0.4708658023430448
PATTERN,configuration,2d10+4d6,9,ADAPTIVE,True,course,final_form_final_reserve,500,1.0,1.0
PATTERN,configuration,2d10+4d6,9,EFFICIENT,False,signal,signal_raw_sum,1500,-0.3242820412386455,-0.3287178406848536
PATTERN,configuration,2d10+4d6,9,EFFICIENT,False,signal,signal_max_production,1500,-0.3242820412386455,-0.3287178406848536
PATTERN,configuration,2d10+4d6,9,EFFICIENT,False,signal,signal_chosen_production,1500,-0.2499898074509902,-0.24128148204476463
PATTERN,configuration,2d10+4d6,9,EFFICIENT,False,course,final_form_score,500,-0.22029694194479402,-0.20049110128684577
PATTERN,configuration,2d10+4d6,9,EFFICIENT,False,course,final_form_final_reserve,500,1.0,1.0
PATTERN,configuration,2d10+4d6,9,EFFICIENT,True,signal,signal_raw_sum,1500,-0.3242820412386455,-0.3287178406848536
PATTERN,configuration,2d10+4d6,9,EFFICIENT,True,signal,signal_max_production,1500,-0.3242820412386455,-0.3287178406848536
PATTERN,configuration,2d10+4d6,9,EFFICIENT,True,signal,signal_chosen_production,1500,-0.2499898074509902,-0.24128148204476463
PATTERN,configuration,2d10+4d6,9,EFFICIENT,True,course,final_form_score,500,-0.20584651415130592,-0.18683992491842832
PATTERN,configuration,2d10+4d6,9,EFFICIENT,True,course,final_form_final_reserve,500,1.0,1.0
PATTERN,configuration,2d10+4d6,9,GREEDY,False,signal,signal_raw_sum,1500,-0.3242820412386455,-0.3287178406848536
PATTERN,configuration,2d10+4d6,9,GREEDY,False,signal,signal_max_production,1500,-0.3242820412386455,-0.3287178406848536
PATTERN,configuration,2d10+4d6,9,GREEDY,False,signal,signal_chosen_production,1500,-0.3242820412386455,-0.3287178406848536
PATTERN,configuration,2d10+4d6,9,GREEDY,False,course,final_form_score,500,0.20535732733389364,0.15159293173191107
PATTERN,configuration,2d10+4d6,9,GREEDY,False,course,final_form_final_reserve,500,-0.2644044337976202,-0.23507732955149646
PATTERN,configuration,2d10+4d6,9,GREEDY,True,signal,signal_raw_sum,1500,-0.3242820412386455,-0.3287178406848536
PATTERN,configuration,2d10+4d6,9,GREEDY,True,signal,signal_max_production,1500,-0.3242820412386455,-0.3287178406848536
PATTERN,configuration,2d10+4d6,9,GREEDY,True,signal,signal_chosen_production,1500,-0.3242820412386455,-0.3287178406848536
PATTERN,configuration,2d10+4d6,9,GREEDY,True,course,final_form_score,500,0.15169804170703516,0.12267854595283954
PATTERN,configuration,2d10+4d6,9,GREEDY,True,course,final_form_final_reserve,500,-0.1614732338407769,-0.1288486805994645
PATTERN,configuration,1d8+3d6,6,ADAPTIVE,False,signal,signal_raw_sum,1500,-0.16356645538080783,-0.16909273035589778
PATTERN,configuration,1d8+3d6,6,ADAPTIVE,False,signal,signal_max_production,1500,-0.16356645538080783,-0.16909273035589778
PATTERN,configuration,1d8+3d6,6,ADAPTIVE,False,signal,signal_chosen_production,1500,-0.00030084378909093297,0.1250902017941024
PATTERN,configuration,1d8+3d6,6,ADAPTIVE,False,course,final_form_score,500,0.2036818577137002,0.20796832867702633
PATTERN,configuration,1d8+3d6,6,ADAPTIVE,False,course,final_form_final_reserve,500,1.0,1.0
PATTERN,configuration,1d8+3d6,6,ADAPTIVE,True,signal,signal_raw_sum,1500,-0.16356645538080783,-0.16909273035589778
PATTERN,configuration,1d8+3d6,6,ADAPTIVE,True,signal,signal_max_production,1500,-0.16356645538080783,-0.16909273035589778
PATTERN,configuration,1d8+3d6,6,ADAPTIVE,True,signal,signal_chosen_production,1500,-0.1327011493422526,-0.03249522480222672
PATTERN,configuration,1d8+3d6,6,ADAPTIVE,True,course,final_form_score,500,0.040247917927638335,0.015444739899997693
PATTERN,configuration,1d8+3d6,6,ADAPTIVE,True,course,final_form_final_reserve,500,1.0,1.0
PATTERN,configuration,1d8+3d6,6,EFFICIENT,False,signal,signal_raw_sum,1500,-0.16356645538080783,-0.16909273035589778
PATTERN,configuration,1d8+3d6,6,EFFICIENT,False,signal,signal_max_production,1500,-0.16356645538080783,-0.16909273035589778
PATTERN,configuration,1d8+3d6,6,EFFICIENT,False,signal,signal_chosen_production,1500,-0.31801805980574815,-0.2584191265537952
PATTERN,configuration,1d8+3d6,6,EFFICIENT,False,course,final_form_score,500,-0.21472780629546626,-0.19982759889226143
PATTERN,configuration,1d8+3d6,6,EFFICIENT,False,course,final_form_final_reserve,500,1.0,1.0
PATTERN,configuration,1d8+3d6,6,EFFICIENT,True,signal,signal_raw_sum,1500,-0.16356645538080783,-0.16909273035589778
PATTERN,configuration,1d8+3d6,6,EFFICIENT,True,signal,signal_max_production,1500,-0.16356645538080783,-0.16909273035589778
PATTERN,configuration,1d8+3d6,6,EFFICIENT,True,signal,signal_chosen_production,1500,-0.31801805980574815,-0.2584191265537952
PATTERN,configuration,1d8+3d6,6,EFFICIENT,True,course,final_form_score,500,-0.1888902753211876,-0.1858640663233495
PATTERN,configuration,1d8+3d6,6,EFFICIENT,True,course,final_form_final_reserve,500,1.0,1.0
PATTERN,configuration,1d8+3d6,6,GREEDY,False,signal,signal_raw_sum,1500,-0.16356645538080783,-0.16909273035589778
PATTERN,configuration,1d8+3d6,6,GREEDY,False,signal,signal_max_production,1500,-0.16356645538080783,-0.16909273035589778
PATTERN,configuration,1d8+3d6,6,GREEDY,False,signal,signal_chosen_production,1500,-0.16356645538080783,-0.16909273035589778
PATTERN,configuration,1d8+3d6,6,GREEDY,False,course,final_form_score,500,-0.05868944582605617,-0.07126277309514187
PATTERN,configuration,1d8+3d6,6,GREEDY,False,course,final_form_final_reserve,500,0.9956000620556552,0.9974738467028103
PATTERN,configuration,1d8+3d6,6,GREEDY,True,signal,signal_raw_sum,1500,-0.16356645538080783,-0.16909273035589778
PATTERN,configuration,1d8+3d6,6,GREEDY,True,signal,signal_max_production,1500,-0.16356645538080783,-0.16909273035589778
PATTERN,configuration,1d8+3d6,6,GREEDY,True,signal,signal_chosen_production,1500,-0.16356645538080783,-0.16909273035589778
PATTERN,configuration,1d8+3d6,6,GREEDY,True,course,final_form_score,500,-0.042986653394556554,-0.06878644954610079
PATTERN,configuration,1d8+3d6,6,GREEDY,True,course,final_form_final_reserve,500,0.9932007751312848,0.9964651867362021
PATTERN,configuration,1d8+3d6,9,ADAPTIVE,False,signal,signal_raw_sum,1500,-0.16356645538080783,-0.16909273035589778
PATTERN,configuration,1d8+3d6,9,ADAPTIVE,False,signal,signal_max_production,1500,-0.16356645538080783,-0.16909273035589778
PATTERN,configuration,1d8+3d6,9,ADAPTIVE,False,signal,signal_chosen_production,1500,0.018761489437917903,0.17020670966418858
PATTERN,configuration,1d8+3d6,9,ADAPTIVE,False,course,final_form_score,500,0.23182080110340536,0.2383084789035827
PATTERN,configuration,1d8+3d6,9,ADAPTIVE,False,course,final_form_final_reserve,500,1.0,1.0
PATTERN,configuration,1d8+3d6,9,ADAPTIVE,True,signal,signal_raw_sum,1500,-0.16356645538080783,-0.16909273035589778
PATTERN,configuration,1d8+3d6,9,ADAPTIVE,True,signal,signal_max_production,1500,-0.16356645538080783,-0.16909273035589778
PATTERN,configuration,1d8+3d6,9,ADAPTIVE,True,signal,signal_chosen_production,1500,-0.11307966477166584,0.009829978540252795
PATTERN,configuration,1d8+3d6,9,ADAPTIVE,True,course,final_form_score,500,0.07945617634388238,0.06696946496508742
PATTERN,configuration,1d8+3d6,9,ADAPTIVE,True,course,final_form_final_reserve,500,1.0,1.0
PATTERN,configuration,1d8+3d6,9,EFFICIENT,False,signal,signal_raw_sum,1500,-0.16356645538080783,-0.16909273035589778
PATTERN,configuration,1d8+3d6,9,EFFICIENT,False,signal,signal_max_production,1500,-0.16356645538080783,-0.16909273035589778
PATTERN,configuration,1d8+3d6,9,EFFICIENT,False,signal,signal_chosen_production,1500,-0.31801805980574815,-0.2584191265537952
PATTERN,configuration,1d8+3d6,9,EFFICIENT,False,course,final_form_score,500,-0.18543351567025027,-0.1690406933396665
PATTERN,configuration,1d8+3d6,9,EFFICIENT,False,course,final_form_final_reserve,500,1.0,1.0
PATTERN,configuration,1d8+3d6,9,EFFICIENT,True,signal,signal_raw_sum,1500,-0.16356645538080783,-0.16909273035589778
PATTERN,configuration,1d8+3d6,9,EFFICIENT,True,signal,signal_max_production,1500,-0.16356645538080783,-0.16909273035589778
PATTERN,configuration,1d8+3d6,9,EFFICIENT,True,signal,signal_chosen_production,1500,-0.31801805980574815,-0.2584191265537952
PATTERN,configuration,1d8+3d6,9,EFFICIENT,True,course,final_form_score,500,-0.163070813243923,-0.1591817371038824
PATTERN,configuration,1d8+3d6,9,EFFICIENT,True,course,final_form_final_reserve,500,1.0,1.0
PATTERN,configuration,1d8+3d6,9,GREEDY,False,signal,signal_raw_sum,1500,-0.16356645538080783,-0.16909273035589778
PATTERN,configuration,1d8+3d6,9,GREEDY,False,signal,signal_max_production,1500,-0.16356645538080783,-0.16909273035589778
PATTERN,configuration,1d8+3d6,9,GREEDY,False,signal,signal_chosen_production,1500,-0.16356645538080783,-0.16909273035589778
PATTERN,configuration,1d8+3d6,9,GREEDY,False,course,final_form_score,500,-0.09068104558332009,-0.101033093192879
PATTERN,configuration,1d8+3d6,9,GREEDY,False,course,final_form_final_reserve,500,1.0,1.0
PATTERN,configuration,1d8+3d6,9,GREEDY,True,signal,signal_raw_sum,1500,-0.16356645538080783,-0.16909273035589778
PATTERN,configuration,1d8+3d6,9,GREEDY,True,signal,signal_max_production,1500,-0.16356645538080783,-0.16909273035589778
PATTERN,configuration,1d8+3d6,9,GREEDY,True,signal,signal_chosen_production,1500,-0.16356645538080783,-0.16909273035589778
PATTERN,configuration,1d8+3d6,9,GREEDY,True,course,final_form_score,500,-0.05666410195006826,-0.07332901707189884
PATTERN,configuration,1d8+3d6,9,GREEDY,True,course,final_form_final_reserve,500,1.0,1.0
SUM,pool,6d6,ALL,ALL,ALL,signal,signal_raw_sum,18000,0.930563782346419,0.9292264850108021
SUM,pool,6d6,ALL,ALL,ALL,signal,signal_max_production,18000,0.930563782346419,0.9292264850108021
SUM,pool,6d6,ALL,ALL,ALL,signal,signal_chosen_production,18000,0.42552066058424864,0.39500638061332893
SUM,pool,6d6,ALL,ALL,ALL,course,final_form_score,6000,-0.1453301387629584,-0.1617060876702037
SUM,pool,6d6,ALL,ALL,ALL,course,final_form_final_reserve,6000,0.5246741134143543,0.5784765588073968
SUM,pool,4d8+1d6,ALL,ALL,ALL,signal,signal_raw_sum,18000,0.9243041436421345,0.9196045223080874
SUM,pool,4d8+1d6,ALL,ALL,ALL,signal,signal_max_production,18000,0.9243041436421345,0.9196045223080874
SUM,pool,4d8+1d6,ALL,ALL,ALL,signal,signal_chosen_production,18000,0.4372931481454271,0.4004936509827717
SUM,pool,4d8+1d6,ALL,ALL,ALL,course,final_form_score,6000,-0.1015449122097691,-0.13284066553290205
SUM,pool,4d8+1d6,ALL,ALL,ALL,course,final_form_final_reserve,6000,0.5203164766342347,0.5713658550186042
SUM,pool,2d10+4d6,ALL,ALL,ALL,signal,signal_raw_sum,18000,0.9211045847322972,0.9182975053961144
SUM,pool,2d10+4d6,ALL,ALL,ALL,signal,signal_max_production,18000,0.9211045847322972,0.9182975053961144
SUM,pool,2d10+4d6,ALL,ALL,ALL,signal,signal_chosen_production,18000,0.36473511136207387,0.2946682161433034
SUM,pool,2d10+4d6,ALL,ALL,ALL,course,final_form_score,6000,0.06340481768485515,0.0917550684046768
SUM,pool,2d10+4d6,ALL,ALL,ALL,course,final_form_final_reserve,6000,0.35951156635033704,0.43273498851205955
SUM,pool,1d8+3d6,ALL,ALL,ALL,signal,signal_raw_sum,18000,0.9273840007719665,0.9321397281077727
SUM,pool,1d8+3d6,ALL,ALL,ALL,signal,signal_max_production,18000,0.9273840007719665,0.9321397281077727
SUM,pool,1d8+3d6,ALL,ALL,ALL,signal,signal_chosen_production,18000,0.5835167719892435,0.5781212931357416
SUM,pool,1d8+3d6,ALL,ALL,ALL,course,final_form_score,6000,0.12612172734878724,0.11754643434536487
SUM,pool,1d8+3d6,ALL,ALL,ALL,course,final_form_final_reserve,6000,0.39315713406081415,0.48918204105922813
SUM,global,GLOBAL,ALL,ALL,ALL,signal,signal_raw_sum,72000,0.7407834572151112,0.7282919903302874
SUM,global,GLOBAL,ALL,ALL,ALL,signal,signal_max_production,72000,0.7407834572151112,0.7282919903302874
SUM,global,GLOBAL,ALL,ALL,ALL,signal,signal_chosen_production,72000,0.3903589126855754,0.34587317755640484
SUM,global,GLOBAL,ALL,ALL,ALL,course,final_form_score,24000,-0.009394390763947238,-0.032651186227070444
SUM,global,GLOBAL,ALL,ALL,ALL,course,final_form_final_reserve,24000,0.3994574248228292,0.5108846922321885
PATTERN,pool,6d6,ALL,ALL,ALL,signal,signal_raw_sum,18000,3.648205035069999e-05,0.004736811735069824
PATTERN,pool,6d6,ALL,ALL,ALL,signal,signal_max_production,18000,3.648205035069999e-05,0.004736811735069824
PATTERN,pool,6d6,ALL,ALL,ALL,signal,signal_chosen_production,18000,-0.007436379356383563,-0.022204160999977917
PATTERN,pool,6d6,ALL,ALL,ALL,course,final_form_score,6000,0.00496844450299375,0.0019222460682947018
PATTERN,pool,6d6,ALL,ALL,ALL,course,final_form_final_reserve,6000,0.30288960556501754,0.4382952257177613
PATTERN,pool,4d8+1d6,ALL,ALL,ALL,signal,signal_raw_sum,18000,-0.0916433580448712,-0.09326876604694344
PATTERN,pool,4d8+1d6,ALL,ALL,ALL,signal,signal_max_production,18000,-0.0916433580448712,-0.09326876604694344
PATTERN,pool,4d8+1d6,ALL,ALL,ALL,signal,signal_chosen_production,18000,-0.06131319626398885,-0.0882027118855746
PATTERN,pool,4d8+1d6,ALL,ALL,ALL,course,final_form_score,6000,0.03913536241740057,0.03726010300043386
PATTERN,pool,4d8+1d6,ALL,ALL,ALL,course,final_form_final_reserve,6000,0.22517080367062203,0.3775116319851155
PATTERN,pool,2d10+4d6,ALL,ALL,ALL,signal,signal_raw_sum,18000,-0.3242820412386455,-0.3287178406848536
PATTERN,pool,2d10+4d6,ALL,ALL,ALL,signal,signal_max_production,18000,-0.3242820412386455,-0.3287178406848536
PATTERN,pool,2d10+4d6,ALL,ALL,ALL,signal,signal_chosen_production,18000,-0.10787261729758621,-0.0850039016129144
PATTERN,pool,2d10+4d6,ALL,ALL,ALL,course,final_form_score,6000,0.04100394057194935,0.046030533093479986
PATTERN,pool,2d10+4d6,ALL,ALL,ALL,course,final_form_final_reserve,6000,0.021025318702989237,0.2121884226024794
PATTERN,pool,1d8+3d6,ALL,ALL,ALL,signal,signal_raw_sum,18000,-0.16356645538080786,-0.16909273035589778
PATTERN,pool,1d8+3d6,ALL,ALL,ALL,signal,signal_max_production,18000,-0.16356645538080786,-0.16909273035589778
PATTERN,pool,1d8+3d6,ALL,ALL,ALL,signal,signal_chosen_production,18000,-0.1422306326052814,-0.15432720514426757
PATTERN,pool,1d8+3d6,ALL,ALL,ALL,course,final_form_score,6000,-0.013931090561595897,-0.01531403252219378
PATTERN,pool,1d8+3d6,ALL,ALL,ALL,course,final_form_final_reserve,6000,0.3954769743083276,0.48894545597123573
PATTERN,global,GLOBAL,ALL,ALL,ALL,signal,signal_raw_sum,72000,-0.10906464273780607,-0.10396561121674067
PATTERN,global,GLOBAL,ALL,ALL,ALL,signal,signal_max_production,72000,-0.10906464273780607,-0.10396561121674067
PATTERN,global,GLOBAL,ALL,ALL,ALL,signal,signal_chosen_production,72000,-0.05703238094592053,-0.053055554286801816
PATTERN,global,GLOBAL,ALL,ALL,ALL,course,final_form_score,24000,0.031031644613290384,0.023169174486285304
PATTERN,global,GLOBAL,ALL,ALL,ALL,course,final_form_final_reserve,24000,0.17727484274231056,0.38329152255715604
