family,pool,profile,magnitude,frequency,policy,seeds,mean_delta_p_vs_flat,median_delta_p_vs_flat,delta_p_distribution,slow_rate,maintain_rate,attack_rate,mean_post_difficulty_delta_p,mean_post_difficulty_delta_reserve,mean_terrain_extra_cost,mean_plausible_difficult,forced_like_difficult_rate
MAGNITUDE,6d6,M1,1,2,EFFICIENT,500,-0.907,-1.0,"{""-3"": 2, ""-2"": 15, ""-1"": 871, ""0"": 112}",0.888,0.112,0.0,0,0,0,1.966,0.034
MAGNITUDE,6d6,M1,1,2,ADAPTIVE,500,-0.006,0.0,"{""-1"": 6, ""0"": 994}",0.006,0.994,0.0,-0.024,-0.078,0.078,1.966,0.034
MAGNITUDE,6d6,M1,1,2,AGGRESSIVE,500,-0.6227364185110664,0.0,"{""-8"": 3, ""-7"": 3, ""-6"": 5, ""-5"": 2, ""-4"": 4, ""-3"": 9, ""-2"": 75, ""-1"": 375, ""0"": 511, ""2"": 1, ""3"": 1, ""5"": 1, ""6"": 4}",0.4788732394366197,0.5140845070422535,0.007042253521126761,-0.30425963488843816,-0.1359026369168357,0.966,1.965863453815261,0.03413654618473896
MAGNITUDE,6d6,M1,1,2,GREEDY,500,-0.39631336405529954,0,"{""-8"": 3, ""-7"": 6, ""-5"": 3, ""-4"": 1, ""-3"": 7, ""-2"": 42, ""-1"": 108, ""0"": 472, ""1"": 1, ""2"": 1, ""3"": 1, ""4"": 1, ""6"": 5}",0.261136712749616,0.7250384024577573,0.013824884792626729,-0.7853403141361257,-0.8219895287958116,1.126,1.9684931506849315,0.031506849315068496
MAGNITUDE,6d6,M2,2,2,EFFICIENT,500,-1.881,-2.0,"{""-3"": 18, ""-2"": 885, ""-1"": 57, ""0"": 40}",0.96,0.04,0.0,0,0,0,1.979,0.021
MAGNITUDE,6d6,M2,2,2,ADAPTIVE,500,-0.01,0.0,"{""-1"": 10, ""0"": 990}",0.01,0.99,0.0,-0.072,-0.172,0.172,1.979,0.021
MAGNITUDE,6d6,M2,2,2,AGGRESSIVE,500,-1.3229376257545271,-2.0,"{""-10"": 3, ""-9"": 5, ""-8"": 6, ""-7"": 6, ""-6"": 2, ""-5"": 6, ""-4"": 11, ""-3"": 58, ""-2"": 421, ""-1"": 82, ""0"": 386, ""3"": 2, ""4"": 3, ""5"": 2, ""6"": 1}",0.6036217303822937,0.38832997987927564,0.008048289738430584,-0.7099391480730223,-0.3367139959432049,1.734,1.9789156626506024,0.02108433734939759
MAGNITUDE,6d6,M2,2,2,GREEDY,500,-0.955177743431221,0,"{""-11"": 1, ""-10"": 3, ""-9"": 2, ""-8"": 5, ""-7"": 1, ""-6"": 4, ""-5"": 2, ""-4"": 14, ""-3"": 33, ""-2"": 142, ""-1"": 51, ""0"": 386, ""2"": 1, ""3"": 1, ""7"": 1}",0.3987635239567233,0.5965996908809892,0.00463678516228748,-0.7212121212121212,-1.2242424242424241,2.152,1.984931506849315,0.015068493150684932
MAGNITUDE,6d6,M3,3,2,EFFICIENT,500,-2.827,-3.0,"{""-4"": 4, ""-3"": 884, ""-2"": 72, ""-1"": 15, ""0"": 25}",0.975,0.025,0.0,0,0,0,1.968,0.032
MAGNITUDE,6d6,M3,3,2,ADAPTIVE,500,-0.013,0.0,"{""-1"": 13, ""0"": 987}",0.013,0.987,0.0,-0.082,-0.2,0.2,1.968,0.032
MAGNITUDE,6d6,M3,3,2,AGGRESSIVE,500,-2.10261569416499,-3.0,"{""-12"": 2, ""-11"": 2, ""-10"": 5, ""-9"": 9, ""-8"": 8, ""-7"": 5, ""-6"": 8, ""-5"": 14, ""-4"": 44, ""-3"": 422, ""-2"": 111, ""-1"": 50, ""0"": 308, ""1"": 1, ""2"": 1, ""3"": 1, ""4"": 3}",0.6841046277665996,0.30985915492957744,0.006036217303822937,-1.0831643002028397,-0.4746450304259635,2.284,1.9678714859437751,0.0321285140562249
MAGNITUDE,6d6,M3,3,2,GREEDY,500,-1.553627760252366,0.0,"{""-12"": 3, ""-11"": 4, ""-10"": 5, ""-9"": 8, ""-8"": 4, ""-7"": 3, ""-6"": 5, ""-5"": 13, ""-4"": 26, ""-3"": 126, ""-2"": 72, ""-1"": 31, ""0"": 327, ""1"": 1, ""2"": 1, ""3"": 1, ""4"": 4}",0.47318611987381703,0.5157728706624606,0.011041009463722398,-1.2173913043478262,-1.8695652173913044,3.03,1.9671232876712328,0.03287671232876712
MAGNITUDE,6d6,M4,4,2,EFFICIENT,500,-3.844,-4.0,"{""-6"": 1, ""-5"": 18, ""-4"": 881, ""-3"": 60, ""-2"": 15, ""-1"": 14, ""0"": 11}",0.989,0.011,0.0,0,0,0,1.97,0.03
MAGNITUDE,6d6,M4,4,2,ADAPTIVE,500,-0.016,0.0,"{""-1"": 16, ""0"": 984}",0.016,0.984,0.0,-0.098,-0.242,0.242,1.97,0.03
MAGNITUDE,6d6,M4,4,2,AGGRESSIVE,500,-2.937625754527163,-4.0,"{""-13"": 1, ""-12"": 5, ""-11"": 8, ""-10"": 9, ""-9"": 8, ""-8"": 6, ""-7"": 12, ""-6"": 12, ""-5"": 40, ""-4"": 429, ""-3"": 98, ""-2"": 70, ""-1"": 51, ""0"": 242, ""2"": 1, ""3"": 2}",0.7535211267605634,0.24346076458752516,0.0030181086519114686,-1.2657200811359026,-0.6004056795131846,2.56,1.9698795180722892,0.030120481927710843
MAGNITUDE,6d6,M4,4,2,GREEDY,500,-2.337579617834395,-2.0,"{""-13"": 3, ""-12"": 8, ""-11"": 3, ""-10"": 12, ""-9"": 2, ""-8"": 9, ""-7"": 6, ""-6"": 14, ""-5"": 27, ""-4"": 122, ""-3"": 66, ""-2"": 53, ""-1"": 37, ""0"": 266}",0.5764331210191083,0.42356687898089174,0.0,-1.7017543859649122,-2.5350877192982457,3.676,1.9712328767123288,0.028767123287671233
MAGNITUDE,4d8+1d6,M1,1,2,EFFICIENT,500,-0.888,-1.0,"{""-5"": 1, ""-4"": 1, ""-3"": 7, ""-2"": 77, ""-1"": 709, ""0"": 204, ""5"": 1}",0.795,0.204,0.001,0,-0.002,0,1.893,0.108
MAGNITUDE,4d8+1d6,M1,1,2,ADAPTIVE,500,-0.008,0.0,"{""-2"": 2, ""-1"": 4, ""0"": 994}",0.006,0.994,0.0,-0.03,-0.11,0.11,1.893,0.108
MAGNITUDE,4d8+1d6,M1,1,2,AGGRESSIVE,500,-0.6601441812564367,0,"{""-8"": 4, ""-7"": 14, ""-6"": 7, ""-5"": 2, ""-4"": 5, ""-3"": 23, ""-2"": 86, ""-1"": 263, ""0"": 551, ""1"": 1, ""2"": 3, ""3"": 2, ""4"": 2, ""5"": 4, ""6"": 4}",0.4160659114315139,0.5674562306900103,0.016477857878475798,-0.33755274261603374,-0.14978902953586498,0.914,1.896516393442623,0.10450819672131148
MAGNITUDE,4d8+1d6,M1,1,2,GREEDY,500,-0.5409836065573771,0,"{""-9"": 1, ""-8"": 5, ""-7"": 6, ""-6"": 2, ""-5"": 2, ""-4"": 2, ""-3"": 18, ""-2"": 45, ""-1"": 67, ""0"": 392, ""1"": 2, ""2"": 1, ""3"": 1, ""5"": 2, ""6"": 3}",0.26958105646630237,0.7140255009107468,0.01639344262295082,-0.291044776119403,-0.9029850746268657,0.942,1.8971061093247588,0.10289389067524116
MAGNITUDE,4d8+1d6,M2,2,2,EFFICIENT,500,-1.855,-2.0,"{""-5"": 4, ""-4"": 5, ""-3"": 54, ""-2"": 769, ""-1"": 115, ""0"": 53}",0.947,0.053,0.0,0,0,0,1.881,0.121
MAGNITUDE,4d8+1d6,M2,2,2,ADAPTIVE,500,-0.014,0.0,"{""-3"": 1, ""-2"": 3, ""-1"": 5, ""0"": 991}",0.009,0.991,0.0,-0.054,-0.172,0.172,1.881,0.121
MAGNITUDE,4d8+1d6,M2,2,2,AGGRESSIVE,500,-1.4146090534979423,-1.0,"{""-11"": 1, ""-9"": 3, ""-8"": 24, ""-7"": 7, ""-6"": 3, ""-5"": 6, ""-4"": 19, ""-3"": 82, ""-2"": 328, ""-1"": 121, ""0"": 364, ""1"": 1, ""2"": 2, ""3"": 3, ""4"": 3, ""5"": 5}",0.6111111111111112,0.37448559670781895,0.01440329218106996,-0.7357293868921776,-0.24947145877378435,1.55,1.8831967213114753,0.11885245901639344
MAGNITUDE,4d8+1d6,M2,2,2,GREEDY,500,-1.1482820976491863,0,"{""-10"": 2, ""-9"": 5, ""-8"": 9, ""-7"": 1, ""-6"": 2, ""-5"": 7, ""-4"": 19, ""-3"": 48, ""-2"": 109, ""-1"": 40, ""0"": 303, ""2"": 2, ""3"": 1, ""4"": 1, ""5"": 1, ""6"": 3}",0.4376130198915009,0.5479204339963833,0.014466546112115732,-0.8558558558558559,-1.2702702702702702,1.716,1.892282958199357,0.10932475884244373
MAGNITUDE,4d8+1d6,M3,3,2,EFFICIENT,500,-2.806,-3.0,"{""-7"": 1, ""-5"": 10, ""-4"": 50, ""-3"": 755, ""-2"": 132, ""-1"": 22, ""0"": 28, ""1"": 2}",0.97,0.028,0.002,0,-0.006,0.002,1.886,0.121
MAGNITUDE,4d8+1d6,M3,3,2,ADAPTIVE,500,-0.014,0.0,"{""-3"": 1, ""-2"": 3, ""-1"": 5, ""0"": 991}",0.009,0.991,0.0,-0.064,-0.21,0.21,1.886,0.121
MAGNITUDE,4d8+1d6,M3,3,2,AGGRESSIVE,500,-2.2409886714727087,-2,"{""-14"": 1, ""-13"": 1, ""-12"": 2, ""-11"": 2, ""-10"": 3, ""-9"": 16, ""-8"": 13, ""-7"": 4, ""-6"": 10, ""-5"": 19, ""-4"": 65, ""-3"": 345, ""-2"": 161, ""-1"": 59, ""0"": 261, ""2"": 1, ""3"": 2, ""4"": 4, ""5"": 2}",0.721936148300721,0.2687950566426365,0.009268795056642637,-0.9344608879492601,-0.35517970401691334,1.912,1.8842213114754098,0.12295081967213115
MAGNITUDE,4d8+1d6,M3,3,2,GREEDY,500,-1.8293135435992578,-1,"{""-12"": 1, ""-11"": 4, ""-10"": 12, ""-9"": 3, ""-8"": 3, ""-7"": 3, ""-6"": 7, ""-5"": 17, ""-4"": 35, ""-3"": 112, ""-2"": 61, ""-1"": 36, ""0"": 239, ""1"": 1, ""3"": 2, ""4"": 1, ""6"": 2}",0.5454545454545454,0.44341372912801486,0.011131725417439703,-1.2121212121212122,-1.5353535353535352,2.324,1.8729903536977492,0.13183279742765272
MAGNITUDE,4d8+1d6,M4,4,2,EFFICIENT,500,-3.813,-4.0,"{""-7"": 3, ""-6"": 16, ""-5"": 48, ""-4"": 771, ""-3"": 110, ""-2"": 19, ""-1"": 8, ""0"": 21, ""1"": 4}",0.975,0.021,0.004,0,-0.012,0.004,1.863,0.143
MAGNITUDE,4d8+1d6,M4,4,2,ADAPTIVE,500,-0.021,0.0,"{""-3"": 1, ""-2"": 4, ""-1"": 10, ""0"": 985}",0.015,0.985,0.0,-0.094,-0.334,0.336,1.863,0.143
MAGNITUDE,4d8+1d6,M4,4,2,AGGRESSIVE,500,-3.1349124613800208,-4,"{""-14"": 2, ""-13"": 3, ""-12"": 6, ""-11"": 5, ""-10"": 21, ""-9"": 8, ""-8"": 4, ""-7"": 7, ""-6"": 30, ""-5"": 52, ""-4"": 354, ""-3"": 158, ""-2"": 73, ""-1"": 32, ""0"": 208, ""1"": 1, ""2"": 1, ""3"": 6}",0.7775489186405767,0.21421215242018538,0.008238928939237899,-1.120507399577167,-0.41014799154334036,2.102,1.8616803278688525,0.1444672131147541
MAGNITUDE,4d8+1d6,M4,4,2,GREEDY,500,-2.605607476635514,-2,"{""-14"": 1, ""-13"": 1, ""-12"": 7, ""-11"": 3, ""-10"": 15, ""-9"": 3, ""-8"": 3, ""-7"": 8, ""-6"": 14, ""-5"": 32, ""-4"": 108, ""-3"": 69, ""-2"": 48, ""-1"": 26, ""0"": 193, ""2"": 1, ""3"": 2, ""4"": 1}",0.6317757009345795,0.36074766355140186,0.007476635514018692,-1.3406593406593406,-2.076923076923077,2.704,1.8745980707395498,0.12861736334405144
MAGNITUDE,2d10+4d6,M1,1,2,EFFICIENT,500,-0.966,-1.0,"{""-2"": 19, ""-1"": 928, ""0"": 53}",0.947,0.053,0.0,0,0,0,1.96,0.04
MAGNITUDE,2d10+4d6,M1,1,2,ADAPTIVE,500,-0.002,0.0,"{""-1"": 2, ""0"": 998}",0.002,0.998,0.0,-0.008,-0.046,0.048,1.96,0.04
MAGNITUDE,2d10+4d6,M1,1,2,AGGRESSIVE,500,-0.9278466741826381,-1,"{""-8"": 2, ""-7"": 7, ""-4"": 1, ""-3"": 1, ""-2"": 38, ""-1"": 702, ""0"": 131, ""5"": 3, ""6"": 2}",0.846674182638106,0.14768883878241262,0.005636978579481398,-0.03271028037383177,-0.016355140186915886,0.374,1.9621380846325167,0.0378619153674833
MAGNITUDE,2d10+4d6,M1,1,2,GREEDY,500,-0.844559585492228,-1,"{""-8"": 3, ""-6"": 2, ""-3"": 1, ""-2"": 18, ""-1"": 99, ""0"": 67, ""1"": 1, ""5"": 2}",0.6373056994818653,0.3471502590673575,0.015544041450777202,-0.5714285714285714,-0.7142857142857143,0.39,1.9572649572649572,0.042735042735042736
MAGNITUDE,2d10+4d6,M2,2,2,EFFICIENT,500,-1.97,-2.0,"{""-3"": 21, ""-2"": 943, ""-1"": 21, ""0"": 15}",0.985,0.015,0.0,0,0,0,1.97,0.03
MAGNITUDE,2d10+4d6,M2,2,2,ADAPTIVE,500,-0.048,0.0,"{""-3"": 1, ""-2"": 4, ""-1"": 37, ""0"": 958}",0.042,0.958,0.0,-0.082,-0.434,0.44,1.97,0.03
MAGNITUDE,2d10+4d6,M2,2,2,AGGRESSIVE,500,-1.882750845546787,-2,"{""-11"": 1, ""-9"": 1, ""-8"": 6, ""-7"": 2, ""-5"": 2, ""-4"": 2, ""-3"": 22, ""-2"": 735, ""-1"": 39, ""0"": 76, ""5"": 1}",0.9131905298759865,0.08568207440811725,0.0011273957158962795,-0.12149532710280374,-0.02336448598130841,0.57,1.9677060133630289,0.03229398663697105
MAGNITUDE,2d10+4d6,M2,2,2,GREEDY,500,-1.7037037037037037,-2,"{""-10"": 1, ""-9"": 3, ""-8"": 2, ""-7"": 1, ""-4"": 5, ""-3"": 8, ""-2"": 108, ""-1"": 12, ""0"": 47, ""5"": 2}",0.7407407407407407,0.24867724867724866,0.010582010582010581,-0.8461538461538461,-0.6923076923076923,0.652,1.9700854700854702,0.029914529914529916
MAGNITUDE,2d10+4d6,M3,3,2,EFFICIENT,500,-2.941,-3.0,"{""-5"": 1, ""-4"": 11, ""-3"": 935, ""-2"": 38, ""-1"": 11, ""0"": 4}",0.996,0.004,0.0,0,0,0,1.969,0.031
MAGNITUDE,2d10+4d6,M3,3,2,ADAPTIVE,500,-0.13,0.0,"{""-3"": 1, ""-2"": 15, ""-1"": 97, ""0"": 887}",0.113,0.887,0.0,-0.696,-2.29,2.296,1.969,0.031
MAGNITUDE,2d10+4d6,M3,3,2,AGGRESSIVE,500,-2.855693348365276,-3,"{""-12"": 1, ""-10"": 1, ""-9"": 12, ""-8"": 2, ""-6"": 4, ""-5"": 2, ""-4"": 31, ""-3"": 708, ""-2"": 50, ""-1"": 19, ""0"": 53, ""3"": 2, ""4"": 2}",0.9357384441939121,0.05975197294250282,0.004509582863585118,-0.14018691588785046,-0.03271028037383177,0.676,1.9677060133630289,0.03229398663697105
MAGNITUDE,2d10+4d6,M3,3,2,GREEDY,500,-2.6117021276595747,-3.0,"{""-11"": 2, ""-10"": 3, ""-9"": 2, ""-8"": 2, ""-7"": 1, ""-6"": 1, ""-5"": 4, ""-4"": 11, ""-3"": 96, ""-2"": 18, ""-1"": 12, ""0"": 34, ""4"": 2}",0.8085106382978723,0.18085106382978725,0.010638297872340425,-0.6363636363636364,-1.1818181818181819,0.85,1.952991452991453,0.04700854700854701
MAGNITUDE,2d10+4d6,M4,4,2,EFFICIENT,500,-3.958,-4.0,"{""-5"": 11, ""-4"": 956, ""-3"": 18, ""-2"": 11, ""-1"": 3, ""0"": 1}",0.999,0.001,0.0,0,0,0,1.969,0.031
MAGNITUDE,2d10+4d6,M4,4,2,ADAPTIVE,500,-0.342,0.0,"{""-3"": 1, ""-2"": 60, ""-1"": 219, ""0"": 720}",0.28,0.72,0.0,-1.732,-4.934,4.94,1.969,0.031
MAGNITUDE,2d10+4d6,M4,4,2,AGGRESSIVE,500,-3.8703494926719277,-4,"{""-13"": 1, ""-11"": 1, ""-10"": 15, ""-9"": 2, ""-7"": 4, ""-6"": 3, ""-5"": 25, ""-4"": 724, ""-3"": 38, ""-2"": 25, ""-1"": 10, ""0"": 39}",0.9560315670800451,0.043968432919954906,0.0,-0.14953271028037382,-0.037383177570093455,0.716,1.9710467706013364,0.028953229398663696
MAGNITUDE,2d10+4d6,M4,4,2,GREEDY,500,-3.5828877005347595,-4,"{""-13"": 1, ""-12"": 3, ""-11"": 2, ""-10"": 3, ""-9"": 1, ""-8"": 2, ""-6"": 4, ""-5"": 8, ""-4"": 102, ""-3"": 16, ""-2"": 10, ""-1"": 6, ""0"": 28, ""2"": 1}",0.8449197860962567,0.1497326203208556,0.0053475935828877,-1.25,-2.25,0.986,1.9658119658119657,0.03418803418803419
MAGNITUDE,1d8+3d6,M1,1,2,EFFICIENT,500,-0.51,0.0,"{""-4"": 5, ""-3"": 40, ""-2"": 108, ""-1"": 154, ""0"": 693}",0.307,0.693,0.0,0,0,0,1.626,0.374
MAGNITUDE,1d8+3d6,M1,1,2,ADAPTIVE,500,0,0.0,"{""0"": 1000}",0.0,1.0,0.0,0,0,0,1.626,0.374
MAGNITUDE,1d8+3d6,M1,1,2,AGGRESSIVE,500,-0.02,0.0,"{""-5"": 4, ""0"": 996}",0.004,0.996,0.0,0.006,-0.37,0.422,1.626,0.374
MAGNITUDE,1d8+3d6,M1,1,2,GREEDY,500,0,0.0,"{""0"": 1000}",0.0,1.0,0.0,-0.010040160642570281,-0.4357429718875502,0.45,1.626,0.374
MAGNITUDE,1d8+3d6,M2,2,2,EFFICIENT,500,-1.142,-1.0,"{""-5"": 2, ""-4"": 30, ""-3"": 96, ""-2"": 289, ""-1"": 146, ""0"": 437}",0.563,0.437,0.0,0,0,0,1.636,0.365
MAGNITUDE,1d8+3d6,M2,2,2,ADAPTIVE,500,0,0.0,"{""0"": 1000}",0.0,1.0,0.0,0,-0.014,0.014,1.636,0.365
MAGNITUDE,1d8+3d6,M2,2,2,AGGRESSIVE,500,-0.072,0.0,"{""-8"": 1, ""-6"": 1, ""-5"": 6, ""-4"": 6, ""-3"": 1, ""-1"": 1, ""0"": 984}",0.016,0.984,0.0,-0.01,-0.802,0.924,1.636,0.365
MAGNITUDE,1d8+3d6,M2,2,2,GREEDY,500,-0.013013013013013013,0,"{""-5"": 2, ""-3"": 1, ""0"": 996}",0.003003003003003003,0.996996996996997,0.0,0,-0.9798387096774194,1.044,1.636,0.365
MAGNITUDE,1d8+3d6,M3,3,2,EFFICIENT,500,-1.801,-2.0,"{""-6"": 2, ""-5"": 8, ""-4"": 76, ""-3"": 316, ""-2"": 191, ""-1"": 115, ""0"": 292}",0.708,0.292,0.0,0,0,0,1.658,0.345
MAGNITUDE,1d8+3d6,M3,3,2,ADAPTIVE,500,-0.008,0.0,"{""-3"": 1, ""-2"": 1, ""-1"": 3, ""0"": 995}",0.005,0.995,0.0,-0.042,-0.308,0.308,1.658,0.345
MAGNITUDE,1d8+3d6,M3,3,2,AGGRESSIVE,500,-0.121,0.0,"{""-6"": 2, ""-5"": 11, ""-4"": 9, ""-3"": 3, ""-2"": 4, ""-1"": 1, ""0"": 970}",0.03,0.97,0.0,-0.036,-1.334,1.508,1.658,0.345
MAGNITUDE,1d8+3d6,M3,3,2,GREEDY,500,-0.04312938816449348,0,"{""-6"": 3, ""-5"": 3, ""-4"": 1, ""-3"": 2, ""0"": 988}",0.009027081243731194,0.9909729187562688,0.0,-0.01020408163265306,-1.5693877551020408,1.76,1.658,0.345
MAGNITUDE,1d8+3d6,M4,4,2,EFFICIENT,500,-2.675,-3.0,"{""-6"": 39, ""-5"": 52, ""-4"": 324, ""-3"": 194, ""-2"": 123, ""-1"": 67, ""0"": 199, ""4"": 1, ""6"": 1}",0.799,0.199,0.002,0,-0.006,0.002,1.646,0.355
MAGNITUDE,1d8+3d6,M4,4,2,ADAPTIVE,500,-0.042,0.0,"{""-3"": 1, ""-2"": 12, ""-1"": 15, ""0"": 972}",0.028,0.972,0.0,-0.248,-1.41,1.41,1.646,0.355
MAGNITUDE,1d8+3d6,M4,4,2,AGGRESSIVE,500,-0.203,0.0,"{""-8"": 1, ""-6"": 1, ""-5"": 13, ""-4"": 17, ""-3"": 12, ""-2"": 9, ""-1"": 2, ""0"": 945}",0.055,0.945,0.0,-0.086,-2.028,2.25,1.646,0.355
MAGNITUDE,1d8+3d6,M4,4,2,GREEDY,500,-0.08835341365461848,0.0,"{""-6"": 2, ""-5"": 6, ""-4"": 9, ""-3"": 2, ""-2"": 2, ""0"": 975}",0.02108433734939759,0.9789156626506024,0.0,-0.0471311475409836,-2.3565573770491803,2.626,1.646,0.355
FREQUENCY,6d6,D2_F2,2,2,EFFICIENT,500,-1.91,-2.0,"{""-3"": 16, ""-2"": 917, ""-1"": 28, ""0"": 39}",0.961,0.039,0.0,0,0,0,1.978,0.022
FREQUENCY,6d6,D2_F2,2,2,ADAPTIVE,500,-0.098,0.0,"{""-2"": 2, ""-1"": 94, ""0"": 904}",0.096,0.904,0.0,-0.106,-0.544,0.568,1.978,0.022
FREQUENCY,6d6,D2_F2,2,2,AGGRESSIVE,500,-1.3153061224489795,-1.0,"{""-10"": 1, ""-9"": 12, ""-8"": 23, ""-7"": 5, ""-6"": 3, ""-5"": 5, ""-4"": 11, ""-3"": 46, ""-2"": 361, ""-1"": 91, ""0"": 402, ""1"": 1, ""3"": 1, ""4"": 10, ""5"": 6, ""6"": 2}",0.5693877551020409,0.41020408163265304,0.02040816326530612,-0.2903885480572597,-0.6451942740286298,2.62,1.978,0.022
FREQUENCY,6d6,D2_F2,2,2,GREEDY,500,-0.3705357142857143,0.0,"{""-8"": 7, ""-7"": 2, ""-5"": 2, ""-4"": 6, ""-3"": 17, ""-2"": 41, ""-1"": 16, ""0"": 580, ""4"": 1}",0.13541666666666666,0.8630952380952381,0.001488095238095238,-0.14814814814814814,-1.4292929292929293,2.836,1.971,0.029
FREQUENCY,6d6,D2_F3,2,3,EFFICIENT,500,-1.896,-2.0,"{""-3"": 20, ""-2"": 1361, ""-1"": 62, ""0"": 57}",0.962,0.038,0.0,0,0,0,1.9746666666666666,0.025333333333333333
FREQUENCY,6d6,D2_F3,2,3,ADAPTIVE,500,-0.15133333333333332,0.0,"{""-2"": 20, ""-1"": 187, ""0"": 1293}",0.138,0.862,0.0,-0.118,-0.6126666666666667,0.696,1.9746666666666666,0.025333333333333333
FREQUENCY,6d6,D2_F3,2,3,AGGRESSIVE,500,-1.5051124744376279,-2,"{""-10"": 4, ""-9"": 14, ""-8"": 29, ""-7"": 20, ""-6"": 14, ""-5"": 9, ""-4"": 11, ""-3"": 65, ""-2"": 658, ""-1"": 105, ""0"": 508, ""1"": 1, ""2"": 2, ""3"": 7, ""4"": 8, ""5"": 11, ""6"": 1}",0.6332651670074982,0.34628493524199044,0.02044989775051125,-0.39697802197802196,-0.5020604395604396,2.88,1.9753333333333334,0.024666666666666667
FREQUENCY,6d6,D2_F3,2,3,GREEDY,500,-0.5315656565656566,0.0,"{""-11"": 1, ""-10"": 4, ""-9"": 3, ""-8"": 6, ""-7"": 2, ""-6"": 1, ""-5"": 5, ""-4"": 16, ""-3"": 19, ""-2"": 57, ""-1"": 19, ""0"": 658, ""4"": 1}",0.16792929292929293,0.8308080808080808,0.0012626262626262627,-0.2417910447761194,-1.4671641791044776,3.112,1.97,0.03
FREQUENCY,6d6,D2_F4,2,4,EFFICIENT,500,-1.8995,-2.0,"{""-3"": 35, ""-2"": 1812, ""-1"": 70, ""0"": 83}",0.9585,0.0415,0.0,0,0,0,1.978,0.022
FREQUENCY,6d6,D2_F4,2,4,ADAPTIVE,500,-0.146,0.0,"{""-2"": 21, ""-1"": 250, ""0"": 1729}",0.1355,0.8645,0.0,-0.1305,-0.6155,0.706,1.978,0.022
FREQUENCY,6d6,D2_F4,2,4,AGGRESSIVE,500,-1.7142124166239097,-2,"{""-10"": 10, ""-9"": 38, ""-8"": 57, ""-7"": 25, ""-6"": 15, ""-5"": 17, ""-4"": 31, ""-3"": 101, ""-2"": 845, ""-1"": 144, ""0"": 625, ""1"": 1, ""2"": 2, ""3"": 8, ""4"": 14, ""5"": 14, ""6"": 1, ""7"": 1}",0.6582863006670088,0.3206772703950744,0.02103642893791688,-0.49588477366255146,-0.5370370370370371,3.472,1.978,0.022
FREQUENCY,6d6,D2_F4,2,4,GREEDY,500,-0.6502016129032258,0.0,"{""-11"": 2, ""-10"": 7, ""-9"": 5, ""-8"": 5, ""-7"": 3, ""-5"": 8, ""-4"": 21, ""-3"": 46, ""-2"": 84, ""-1"": 33, ""0"": 774, ""3"": 1, ""4"": 2, ""5"": 1}",0.2157258064516129,0.780241935483871,0.004032258064516129,-0.41003671970624234,-1.6523867809057529,3.846,1.9766666666666666,0.023333333333333334
FREQUENCY,6d6,D3_F2,3,2,EFFICIENT,500,-2.86,-3.0,"{""-4"": 3, ""-3"": 913, ""-2"": 45, ""-1"": 19, ""0"": 20}",0.98,0.02,0.0,0,0,0,1.97,0.03
FREQUENCY,6d6,D3_F2,3,2,ADAPTIVE,500,-0.101,0.0,"{""-2"": 2, ""-1"": 97, ""0"": 901}",0.099,0.901,0.0,-0.12,-0.583,0.618,1.97,0.03
FREQUENCY,6d6,D3_F2,3,2,AGGRESSIVE,500,-2.16734693877551,-2.0,"{""-12"": 2, ""-11"": 3, ""-10"": 14, ""-9"": 25, ""-8"": 7, ""-7"": 5, ""-6"": 5, ""-5"": 14, ""-4"": 39, ""-3"": 368, ""-2"": 115, ""-1"": 55, ""0"": 317, ""1"": 1, ""3"": 7, ""4"": 3}",0.6653061224489796,0.32346938775510203,0.011224489795918367,-0.5005117707267144,-0.8689866939611054,3.596,1.97,0.03
FREQUENCY,6d6,D3_F2,3,2,GREEDY,500,-0.5654853620955316,0,"{""-11"": 1, ""-10"": 4, ""-9"": 7, ""-8"": 2, ""-7"": 1, ""-6"": 3, ""-5"": 5, ""-4"": 15, ""-3"": 30, ""-2"": 17, ""-1"": 9, ""0"": 553, ""3"": 2}",0.1448382126348228,0.8520801232665639,0.0030816640986132513,-0.16225749559082892,-2.2081128747795415,4.214,1.96,0.04
FREQUENCY,6d6,D3_F3,3,3,EFFICIENT,500,-2.8453333333333335,-3.0,"{""-4"": 4, ""-3"": 1344, ""-2"": 95, ""-1"": 30, ""0"": 27}",0.982,0.018,0.0,0,0,0,1.9633333333333334,0.03666666666666667
FREQUENCY,6d6,D3_F3,3,3,ADAPTIVE,500,-0.15666666666666668,0.0,"{""-2"": 20, ""-1"": 195, ""0"": 1285}",0.14333333333333334,0.8566666666666667,0.0,-0.12866666666666668,-0.732,0.982,1.9633333333333334,0.03666666666666667
FREQUENCY,6d6,D3_F3,3,3,AGGRESSIVE,500,-2.4130879345603273,-3,"{""-12"": 3, ""-11"": 7, ""-10"": 23, ""-9"": 33, ""-8"": 21, ""-7"": 10, ""-6"": 13, ""-5"": 16, ""-4"": 49, ""-3"": 663, ""-2"": 152, ""-1"": 72, ""0"": 388, ""2"": 1, ""3"": 9, ""4"": 7}",0.7239263803680982,0.26448534423994546,0.011588275391956374,-0.6210453920220083,-0.6994497936726273,3.944,1.964,0.036
FREQUENCY,6d6,D3_F3,3,3,GREEDY,500,-0.758988015978695,0,"{""-13"": 1, ""-12"": 2, ""-11"": 3, ""-10"": 4, ""-9"": 5, ""-8"": 6, ""-7"": 6, ""-6"": 9, ""-5"": 7, ""-4"": 14, ""-3"": 44, ""-2"": 24, ""-1"": 15, ""0"": 607, ""3"": 1, ""4"": 3}",0.18641810918774968,0.8082556591211718,0.005326231691078562,-0.30393700787401573,-2.2409448818897637,4.552,1.9576666666666667,0.042333333333333334
FREQUENCY,6d6,D3_F4,3,4,EFFICIENT,500,-2.8465,-3.0,"{""-4"": 4, ""-3"": 1809, ""-2"": 104, ""-1"": 42, ""0"": 41}",0.9795,0.0205,0.0,0,0,0,1.966,0.034
FREQUENCY,6d6,D3_F4,3,4,ADAPTIVE,500,-0.157,0.0,"{""-2"": 26, ""-1"": 262, ""0"": 1712}",0.144,0.856,0.0,-0.1465,-0.7225,0.992,1.966,0.034
FREQUENCY,6d6,D3_F4,3,4,AGGRESSIVE,500,-2.6485377116469984,-3,"{""-12"": 5, ""-11"": 11, ""-10"": 46, ""-9"": 66, ""-8"": 33, ""-7"": 13, ""-6"": 19, ""-5"": 47, ""-4"": 76, ""-3"": 860, ""-2"": 175, ""-1"": 89, ""0"": 479, ""2"": 2, ""3"": 16, ""4"": 12}",0.7388404309902514,0.24576706003078502,0.01539250897896357,-0.6670097786927431,-0.7200205867215645,4.53,1.9665,0.0335
FREQUENCY,6d6,D3_F4,3,4,GREEDY,500,-0.8209944751381215,0,"{""-12"": 5, ""-10"": 5, ""-9"": 4, ""-8"": 2, ""-7"": 3, ""-6"": 6, ""-5"": 22, ""-4"": 32, ""-3"": 63, ""-2"": 40, ""-1"": 23, ""0"": 698, ""3"": 2}",0.2265193370165746,0.7712707182320442,0.0022099447513812156,-0.5264550264550265,-2.4603174603174605,5.336,1.9645,0.0355
FREQUENCY,4d8+1d6,D2_F2,2,2,EFFICIENT,500,-1.829,-2.0,"{""-6"": 1, ""-5"": 1, ""-4"": 13, ""-3"": 58, ""-2"": 739, ""-1"": 114, ""0"": 74}",0.926,0.074,0.0,0,0,0,1.889,0.112
FREQUENCY,4d8+1d6,D2_F2,2,2,ADAPTIVE,500,-0.086,0.0,"{""-2"": 16, ""-1"": 54, ""0"": 930}",0.07,0.93,0.0,-0.164,-0.57,0.61,1.889,0.112
FREQUENCY,4d8+1d6,D2_F2,2,2,AGGRESSIVE,500,-1.3828689370485037,-1,"{""-10"": 4, ""-9"": 10, ""-8"": 17, ""-7"": 10, ""-6"": 10, ""-5"": 6, ""-4"": 33, ""-3"": 80, ""-2"": 271, ""-1"": 93, ""0"": 412, ""2"": 2, ""3"": 2, ""4"": 12, ""5"": 7}",0.5510835913312694,0.42518059855521156,0.023735810113519093,-0.33229813664596275,-0.3695652173913043,2.286,1.89,0.111
FREQUENCY,4d8+1d6,D2_F2,2,2,GREEDY,500,-0.3296,0,"{""-10"": 2, ""-9"": 1, ""-8"": 1, ""-7"": 3, ""-5"": 5, ""-4"": 5, ""-3"": 14, ""-2"": 25, ""-1"": 20, ""0"": 547, ""4"": 1, ""5"": 1}",0.1216,0.8752,0.0032,-0.1742957746478873,-1.1144366197183098,2.304,1.888,0.113
FREQUENCY,4d8+1d6,D2_F3,2,3,EFFICIENT,500,-1.846,-2.0,"{""-6"": 1, ""-5"": 4, ""-4"": 15, ""-3"": 81, ""-2"": 1137, ""-1"": 166, ""0"": 96}",0.936,0.064,0.0,0,0,0,1.8786666666666667,0.12266666666666666
FREQUENCY,4d8+1d6,D2_F3,2,3,ADAPTIVE,500,-0.13533333333333333,0.0,"{""-4"": 2, ""-3"": 5, ""-2"": 34, ""-1"": 112, ""0"": 1347}",0.102,0.898,0.0,-0.166,-0.654,0.816,1.8786666666666667,0.12266666666666666
FREQUENCY,4d8+1d6,D2_F3,2,3,AGGRESSIVE,500,-1.5900621118012421,-2,"{""-11"": 1, ""-10"": 5, ""-9"": 14, ""-8"": 34, ""-7"": 24, ""-6"": 14, ""-5"": 9, ""-4"": 34, ""-3"": 103, ""-2"": 554, ""-1"": 130, ""0"": 492, ""1"": 1, ""2"": 5, ""3"": 5, ""4"": 14, ""5"": 7, ""6"": 3}",0.6363008971704623,0.33954451345755693,0.024154589371980676,-0.36522346368715086,-0.3128491620111732,2.56,1.8786666666666667,0.12266666666666666
FREQUENCY,4d8+1d6,D2_F3,2,3,GREEDY,500,-0.5576923076923077,0.0,"{""-9"": 3, ""-8"": 8, ""-7"": 5, ""-6"": 2, ""-5"": 7, ""-4"": 11, ""-3"": 26, ""-2"": 51, ""-1"": 18, ""0"": 595, ""4"": 1, ""5"": 1}",0.17994505494505494,0.8173076923076923,0.0027472527472527475,-0.20096463022508038,-1.1704180064308682,2.576,1.887,0.114
FREQUENCY,4d8+1d6,D2_F4,2,4,EFFICIENT,500,-1.837,-2.0,"{""-6"": 1, ""-5"": 4, ""-4"": 20, ""-3"": 101, ""-2"": 1524, ""-1"": 217, ""0"": 133}",0.9335,0.0665,0.0,0,0,0,1.886,0.115
FREQUENCY,4d8+1d6,D2_F4,2,4,ADAPTIVE,500,-0.156,0.0,"{""-4"": 3, ""-3"": 6, ""-2"": 52, ""-1"": 178, ""0"": 1761}",0.1195,0.8805,0.0,-0.1855,-0.6795,0.874,1.886,0.115
FREQUENCY,4d8+1d6,D2_F4,2,4,AGGRESSIVE,500,-1.6848958333333333,-2.0,"{""-12"": 1, ""-11"": 1, ""-10"": 13, ""-9"": 26, ""-8"": 47, ""-7"": 28, ""-6"": 24, ""-5"": 24, ""-4"": 62, ""-3"": 152, ""-2"": 679, ""-1"": 183, ""0"": 624, ""1"": 1, ""2"": 3, ""3"": 6, ""4"": 29, ""5"": 11, ""6"": 5, ""7"": 1}",0.6458333333333334,0.325,0.029166666666666667,-0.4594877156299007,-0.3355985363303711,3.102,1.888,0.113
FREQUENCY,4d8+1d6,D2_F4,2,4,GREEDY,500,-0.5899198167239404,0,"{""-11"": 2, ""-10"": 4, ""-9"": 3, ""-8"": 4, ""-7"": 5, ""-6"": 3, ""-5"": 9, ""-4"": 15, ""-3"": 32, ""-2"": 64, ""-1"": 29, ""0"": 699, ""3"": 1, ""4"": 1, ""5"": 2}",0.19473081328751432,0.8006872852233677,0.004581901489117984,-0.41904761904761906,-1.2897959183673469,3.2,1.8815,0.12016666666666667
FREQUENCY,4d8+1d6,D3_F2,3,2,EFFICIENT,500,-2.775,-3.0,"{""-6"": 6, ""-5"": 9, ""-4"": 51, ""-3"": 729, ""-2"": 133, ""-1"": 37, ""0"": 35}",0.965,0.035,0.0,0,0,0,1.902,0.101
FREQUENCY,4d8+1d6,D3_F2,3,2,ADAPTIVE,500,-0.089,0.0,"{""-2"": 16, ""-1"": 57, ""0"": 927}",0.073,0.927,0.0,-0.172,-0.614,0.674,1.902,0.101
FREQUENCY,4d8+1d6,D3_F2,3,2,AGGRESSIVE,500,-2.103734439834025,-2.0,"{""-12"": 1, ""-11"": 8, ""-10"": 11, ""-9"": 16, ""-8"": 12, ""-7"": 8, ""-6"": 8, ""-5"": 20, ""-4"": 66, ""-3"": 300, ""-2"": 113, ""-1"": 57, ""0"": 321, ""1"": 1, ""2"": 5, ""3"": 9, ""4"": 5, ""5"": 3}",0.6431535269709544,0.3329875518672199,0.023858921161825725,-0.46145833333333336,-0.6364583333333333,3.304,1.901,0.102
FREQUENCY,4d8+1d6,D3_F2,3,2,GREEDY,500,-0.40691927512355847,0,"{""-10"": 1, ""-9"": 4, ""-8"": 2, ""-7"": 1, ""-6"": 4, ""-5"": 8, ""-4"": 9, ""-3"": 19, ""-2"": 15, ""-1"": 6, ""0"": 533, ""2"": 1, ""3"": 3, ""4"": 1}",0.11367380560131796,0.8780889621087314,0.008237232289950576,-0.11433756805807622,-1.693284936479129,3.412,1.879,0.127
FREQUENCY,4d8+1d6,D3_F3,3,3,EFFICIENT,500,-2.791333333333333,-3.0,"{""-7"": 1, ""-6"": 5, ""-5"": 16, ""-4"": 80, ""-3"": 1093, ""-2"": 215, ""-1"": 42, ""0"": 47, ""1"": 1}",0.968,0.03133333333333333,0.0006666666666666666,0,-0.0026666666666666666,0.002,1.8873333333333333,0.11933333333333333
FREQUENCY,4d8+1d6,D3_F3,3,3,ADAPTIVE,500,-0.148,0.0,"{""-4"": 2, ""-3"": 6, ""-2"": 38, ""-1"": 120, ""0"": 1334}",0.11066666666666666,0.8893333333333333,0.0,-0.19466666666666665,-0.8113333333333334,1.21,1.8873333333333333,0.11933333333333333
FREQUENCY,4d8+1d6,D3_F3,3,3,AGGRESSIVE,500,-2.4291666666666667,-3.0,"{""-13"": 1, ""-12"": 2, ""-11"": 6, ""-10"": 28, ""-9"": 28, ""-8"": 23, ""-7"": 11, ""-6"": 15, ""-5"": 24, ""-4"": 104, ""-3"": 547, ""-2"": 174, ""-1"": 74, ""0"": 376, ""1"": 2, ""2"": 5, ""3"": 9, ""4"": 8, ""5"": 2, ""6"": 1}",0.7201388888888889,0.2611111111111111,0.01875,-0.5464788732394367,-0.5154929577464789,3.616,1.8900000000000001,0.11666666666666665
FREQUENCY,4d8+1d6,D3_F3,3,3,GREEDY,500,-0.7421203438395415,0.0,"{""-12"": 2, ""-11"": 1, ""-10"": 7, ""-9"": 3, ""-8"": 3, ""-7"": 3, ""-6"": 8, ""-5"": 8, ""-4"": 16, ""-3"": 47, ""-2"": 23, ""-1"": 9, ""0"": 565, ""1"": 1, ""2"": 1, ""4"": 1}",0.18624641833810887,0.8094555873925502,0.004297994269340974,-0.20695364238410596,-1.7201986754966887,3.798,1.884,0.122
FREQUENCY,4d8+1d6,D3_F4,3,4,EFFICIENT,500,-2.782,-3.0,"{""-6"": 7, ""-5"": 17, ""-4"": 103, ""-3"": 1477, ""-2"": 266, ""-1"": 63, ""0"": 66, ""1"": 1}",0.9665,0.033,0.0005,0,-0.0015,0,1.893,0.1105
FREQUENCY,4d8+1d6,D3_F4,3,4,ADAPTIVE,500,-0.1705,0.0,"{""-4"": 3, ""-3"": 9, ""-2"": 57, ""-1"": 188, ""0"": 1743}",0.1285,0.8715,0.0,-0.2045,-0.803,1.242,1.893,0.1105
FREQUENCY,4d8+1d6,D3_F4,3,4,AGGRESSIVE,500,-2.613970588235294,-3.0,"{""-15"": 1, ""-13"": 1, ""-12"": 1, ""-11"": 19, ""-10"": 33, ""-9"": 52, ""-8"": 35, ""-7"": 27, ""-6"": 27, ""-5"": 40, ""-4"": 149, ""-3"": 692, ""-2"": 230, ""-1"": 97, ""0"": 462, ""1"": 1, ""2"": 8, ""3"": 10, ""4"": 13, ""5"": 5, ""6"": 1}",0.7373949579831933,0.2426470588235294,0.01995798319327731,-0.6627968337730871,-0.5213720316622691,4.23,1.893,0.1105
FREQUENCY,4d8+1d6,D3_F4,3,4,GREEDY,500,-0.8349282296650717,0.0,"{""-13"": 1, ""-11"": 5, ""-10"": 3, ""-9"": 2, ""-8"": 2, ""-7"": 6, ""-6"": 3, ""-5"": 23, ""-4"": 31, ""-3"": 58, ""-2"": 41, ""-1"": 25, ""0"": 632, ""3"": 2, ""4"": 2}",0.23923444976076555,0.7559808612440191,0.004784688995215311,-0.3945480631276901,-1.8149210903873745,4.376,1.8753333333333333,0.13133333333333333
FREQUENCY,2d10+4d6,D2_F2,2,2,EFFICIENT,500,-1.965,-2.0,"{""-5"": 1, ""-4"": 1, ""-3"": 12, ""-2"": 949, ""-1"": 22, ""0"": 15}",0.985,0.015,0.0,0,0,0,1.972,0.029
FREQUENCY,2d10+4d6,D2_F2,2,2,ADAPTIVE,500,-0.04,0.0,"{""-2"": 2, ""-1"": 36, ""0"": 962}",0.038,0.962,0.0,-0.176,-0.515,0.77,1.972,0.029
FREQUENCY,2d10+4d6,D2_F2,2,2,AGGRESSIVE,500,-1.6575790621592148,-2,"{""-8"": 4, ""-7"": 2, ""-4"": 4, ""-3"": 29, ""-2"": 658, ""-1"": 67, ""0"": 150, ""4"": 3}",0.8331515812431843,0.16357688113413305,0.003271537622682661,-0.0752453653217012,-0.1984732824427481,2.288,1.972,0.029
FREQUENCY,2d10+4d6,D2_F2,2,2,GREEDY,500,-0.058365758754863814,0.0,"{""-8"": 1, ""-3"": 1, ""-2"": 9, ""-1"": 1, ""0"": 502}",0.023346303501945526,0.9766536964980544,0.0,-0.017892644135188866,-0.4831013916500994,1.938,1.978,0.024
FREQUENCY,2d10+4d6,D2_F3,2,3,EFFICIENT,500,-1.9633333333333334,-2.0,"{""-5"": 1, ""-3"": 32, ""-2"": 1403, ""-1"": 38, ""0"": 26}",0.9826666666666667,0.017333333333333333,0.0,0,0,0,1.9726666666666666,0.027999999999999997
FREQUENCY,2d10+4d6,D2_F3,2,3,ADAPTIVE,500,-0.11466666666666667,0.0,"{""-4"": 1, ""-3"": 11, ""-2"": 21, ""-1"": 93, ""0"": 1374}",0.084,0.916,0.0,-0.5866666666666667,-0.4806666666666667,1.866,1.9726666666666666,0.027999999999999997
FREQUENCY,2d10+4d6,D2_F3,2,3,AGGRESSIVE,500,-1.7979197622585439,-2.0,"{""-10"": 2, ""-9"": 4, ""-8"": 17, ""-7"": 4, ""-6"": 1, ""-4"": 6, ""-3"": 42, ""-2"": 1003, ""-1"": 81, ""0"": 176, ""4"": 7, ""5"": 3}",0.861812778603269,0.13075780089153047,0.007429420505200594,-0.05997001499250375,-0.14392803598200898,2.348,1.974,0.026666666666666665
FREQUENCY,2d10+4d6,D2_F3,2,3,GREEDY,500,-0.2800718132854578,0,"{""-11"": 1, ""-10"": 1, ""-9"": 1, ""-8"": 6, ""-7"": 1, ""-5"": 1, ""-4"": 3, ""-3"": 4, ""-2"": 24, ""-1"": 2, ""0"": 511, ""4"": 2}",0.07899461400359066,0.9174147217235189,0.003590664272890485,0.005859375,-0.5078125,2.028,1.976,0.026
FREQUENCY,2d10+4d6,D2_F4,2,4,EFFICIENT,500,-1.956,-2.0,"{""-5"": 1, ""-4"": 1, ""-3"": 29, ""-2"": 1886, ""-1"": 44, ""0"": 39}",0.9805,0.0195,0.0,0,0,0,1.972,0.0285
FREQUENCY,2d10+4d6,D2_F4,2,4,ADAPTIVE,500,-0.1695,0.0,"{""-4"": 1, ""-3"": 13, ""-2"": 57, ""-1"": 182, ""0"": 1747}",0.1265,0.8735,0.0,-0.5135,-0.533,1.87,1.972,0.0285
FREQUENCY,2d10+4d6,D2_F4,2,4,AGGRESSIVE,500,-1.8516638465877044,-2,"{""-10"": 4, ""-9"": 7, ""-8"": 23, ""-7"": 4, ""-6"": 5, ""-5"": 3, ""-4"": 12, ""-3"": 65, ""-2"": 1327, ""-1"": 97, ""0"": 208, ""1"": 1, ""3"": 2, ""4"": 11, ""5"": 4}",0.8725324309080654,0.11731528482797518,0.01015228426395939,-0.15768576290414066,-0.12024957458876914,2.616,1.973,0.0275
FREQUENCY,2d10+4d6,D2_F4,2,4,GREEDY,500,-0.34545454545454546,0,"{""-9"": 1, ""-8"": 3, ""-6"": 1, ""-5"": 1, ""-4"": 11, ""-3"": 15, ""-2"": 38, ""-1"": 4, ""0"": 530, ""4"": 1}",0.12231404958677686,0.8760330578512396,0.001652892561983471,-0.17148014440433212,-0.5054151624548736,2.334,1.9753333333333334,0.026666666666666665
FREQUENCY,2d10+4d6,D3_F2,3,2,EFFICIENT,500,-2.956,-3.0,"{""-5"": 2, ""-4"": 18, ""-3"": 936, ""-2"": 29, ""-1"": 8, ""0"": 7}",0.993,0.007,0.0,0,0,0,1.963,0.038
FREQUENCY,2d10+4d6,D3_F2,3,2,ADAPTIVE,500,-0.133,0.0,"{""-8"": 1, ""-3"": 1, ""-2"": 17, ""-1"": 88, ""0"": 893}",0.107,0.893,0.0,-0.531,-1.511,2.244,1.963,0.038
FREQUENCY,2d10+4d6,D3_F2,3,2,AGGRESSIVE,500,-2.5521739130434784,-3.0,"{""-9"": 5, ""-8"": 2, ""-5"": 2, ""-4"": 28, ""-3"": 665, ""-2"": 72, ""-1"": 32, ""0"": 112, ""3"": 2}",0.8760869565217392,0.12173913043478261,0.002173913043478261,-0.12173913043478261,-0.2619565217391304,2.962,1.966,0.035
FREQUENCY,2d10+4d6,D3_F2,3,2,GREEDY,500,-0.10136452241715399,0,"{""-9"": 3, ""-4"": 2, ""-3"": 6, ""-2"": 1, ""0"": 500, ""3"": 1}",0.023391812865497075,0.9746588693957114,0.001949317738791423,-0.017892644135188866,-0.7176938369781312,2.818,1.974,0.026
FREQUENCY,2d10+4d6,D3_F3,3,3,EFFICIENT,500,-2.928,-3.0,"{""-5"": 2, ""-4"": 13, ""-3"": 1398, ""-2"": 61, ""-1"": 14, ""0"": 12}",0.992,0.008,0.0,0,0,0,1.9646666666666668,0.035333333333333335
FREQUENCY,2d10+4d6,D3_F3,3,3,ADAPTIVE,500,-0.47733333333333333,0.0,"{""-10"": 1, ""-9"": 1, ""-5"": 2, ""-4"": 16, ""-3"": 55, ""-2"": 130, ""-1"": 198, ""0"": 1097}",0.26866666666666666,0.7313333333333333,0.0,-1.5333333333333334,-1.3,3.104,1.9646666666666668,0.035333333333333335
FREQUENCY,2d10+4d6,D3_F3,3,3,AGGRESSIVE,500,-2.696521095484826,-3,"{""-12"": 1, ""-10"": 8, ""-9"": 16, ""-8"": 3, ""-7"": 1, ""-6"": 3, ""-5"": 2, ""-4"": 28, ""-3"": 1006, ""-2"": 106, ""-1"": 39, ""0"": 127, ""3"": 11}",0.8978534418948927,0.09400444115470022,0.008142116950407105,-0.09402985074626866,-0.1865671641791045,3.038,1.9686666666666666,0.03133333333333333
FREQUENCY,2d10+4d6,D3_F3,3,3,GREEDY,500,-0.313543599257885,0,"{""-11"": 3, ""-10"": 2, ""-9"": 2, ""-8"": 2, ""-7"": 1, ""-6"": 2, ""-4"": 2, ""-3"": 17, ""-2"": 1, ""-1"": 2, ""0"": 505}",0.06307977736549165,0.9369202226345084,0.0,-0.0410958904109589,-0.7142857142857143,2.918,1.972,0.028
FREQUENCY,2d10+4d6,D3_F4,3,4,EFFICIENT,500,-2.934,-3.0,"{""-5"": 2, ""-4"": 26, ""-3"": 1864, ""-2"": 69, ""-1"": 24, ""0"": 15}",0.9925,0.0075,0.0,0,0,0,1.964,0.0365
FREQUENCY,2d10+4d6,D3_F4,3,4,ADAPTIVE,500,-0.6005,0.0,"{""-10"": 2, ""-9"": 2, ""-8"": 3, ""-5"": 5, ""-4"": 30, ""-3"": 76, ""-2"": 181, ""-1"": 404, ""0"": 1297}",0.3515,0.6485,0.0,-1.6235,-1.683,3.442,1.964,0.0365
FREQUENCY,2d10+4d6,D3_F4,3,4,AGGRESSIVE,500,-2.8236945536215607,-3,"{""-12"": 2, ""-11"": 4, ""-10"": 13, ""-9"": 31, ""-8"": 3, ""-7"": 3, ""-6"": 4, ""-5"": 12, ""-4"": 62, ""-3"": 1317, ""-2"": 111, ""-1"": 51, ""0"": 152, ""1"": 1, ""3"": 12, ""4"": 3}",0.905670971364402,0.08534531162268388,0.008983717012914094,-0.2077922077922078,-0.1541501976284585,3.286,1.9675,0.033
FREQUENCY,2d10+4d6,D3_F4,3,4,GREEDY,500,-0.4421768707482993,0.0,"{""-10"": 1, ""-9"": 3, ""-8"": 1, ""-7"": 1, ""-6"": 4, ""-5"": 8, ""-4"": 12, ""-3"": 27, ""-2"": 4, ""-1"": 10, ""0"": 516, ""3"": 1}",0.12074829931972789,0.8775510204081632,0.0017006802721088435,-0.1787709497206704,-0.7225325884543762,3.244,1.9713333333333334,0.028666666666666667
FREQUENCY,1d8+3d6,D2_F2,2,2,EFFICIENT,500,-1.145,-1.0,"{""-5"": 2, ""-4"": 29, ""-3"": 98, ""-2"": 284, ""-1"": 157, ""0"": 430}",0.57,0.43,0.0,0,0,0,1.607,0.395
FREQUENCY,1d8+3d6,D2_F2,2,2,ADAPTIVE,500,0,0.0,"{""0"": 1000}",0.0,1.0,0.0,-0.001,-0.031,0.062,1.607,0.395
FREQUENCY,1d8+3d6,D2_F2,2,2,AGGRESSIVE,500,-0.044,0.0,"{""-5"": 4, ""-4"": 6, ""-3"": 1, ""-2"": 1, ""0"": 987, ""5"": 1}",0.012,0.987,0.001,-0.013,-0.738,1.08,1.607,0.395
FREQUENCY,1d8+3d6,D2_F2,2,2,GREEDY,500,-0.012036108324974924,0,"{""-6"": 1, ""-3"": 2, ""0"": 994}",0.003009027081243731,0.9969909729187563,0.0,0,-0.8395560040363269,1.148,1.606,0.396
FREQUENCY,1d8+3d6,D2_F3,2,3,EFFICIENT,500,-1.16,-1.0,"{""-5"": 4, ""-4"": 41, ""-3"": 141, ""-2"": 445, ""-1"": 243, ""0"": 626}",0.5826666666666667,0.41733333333333333,0.0,0,0,0,1.6293333333333333,0.372
FREQUENCY,1d8+3d6,D2_F3,2,3,ADAPTIVE,500,0,0.0,"{""0"": 1500}",0.0,1.0,0.0,0,-0.18333333333333332,0.536,1.6293333333333333,0.372
FREQUENCY,1d8+3d6,D2_F3,2,3,AGGRESSIVE,500,-0.07266666666666667,0.0,"{""-6"": 1, ""-5"": 9, ""-4"": 11, ""-3"": 5, ""-2"": 3, ""0"": 1469, ""3"": 1, ""4"": 1}",0.019333333333333334,0.9793333333333333,0.0013333333333333333,-0.026,-0.8213333333333334,1.372,1.6293333333333333,0.372
FREQUENCY,1d8+3d6,D2_F3,2,3,GREEDY,500,-0.05124747134187458,0,"{""-6"": 2, ""-5"": 7, ""-4"": 5, ""-3"": 3, ""0"": 1466}",0.011463250168577209,0.9885367498314228,0.0,-0.0170299727520436,-0.9223433242506812,1.474,1.6293333333333333,0.372
FREQUENCY,1d8+3d6,D2_F4,2,4,EFFICIENT,500,-1.168,-1.0,"{""-5"": 5, ""-4"": 59, ""-3"": 192, ""-2"": 596, ""-1"": 307, ""0"": 841}",0.5795,0.4205,0.0,0,0,0,1.6255,0.3755
FREQUENCY,1d8+3d6,D2_F4,2,4,ADAPTIVE,500,0,0.0,"{""0"": 2000}",0.0,1.0,0.0,-0.0005,-0.1615,0.584,1.6255,0.3755
FREQUENCY,1d8+3d6,D2_F4,2,4,AGGRESSIVE,500,-0.0995,0.0,"{""-10"": 1, ""-7"": 1, ""-6"": 3, ""-5"": 14, ""-4"": 18, ""-3"": 10, ""-2"": 2, ""-1"": 3, ""0"": 1944, ""3"": 2, ""4"": 1, ""5"": 1}",0.026,0.972,0.002,-0.0415,-1.1175,1.96,1.6255,0.3755
FREQUENCY,1d8+3d6,D2_F4,2,4,GREEDY,500,-0.0425531914893617,0.0,"{""-6"": 2, ""-5"": 6, ""-4"": 6, ""-3"": 6, ""0"": 1954}",0.010131712259371834,0.9898682877406282,0.0,-0.04265159301130524,-1.2605344295991778,2.126,1.6245,0.3765
FREQUENCY,1d8+3d6,D3_F2,3,2,EFFICIENT,500,-1.836,-2.0,"{""-6"": 2, ""-5"": 11, ""-4"": 75, ""-3"": 301, ""-2"": 229, ""-1"": 108, ""0"": 274}",0.726,0.274,0.0,0,0,0,1.659,0.345
FREQUENCY,1d8+3d6,D3_F2,3,2,ADAPTIVE,500,-0.001,0.0,"{""-1"": 1, ""0"": 999}",0.001,0.999,0.0,-0.042,-0.256,0.502,1.659,0.345
FREQUENCY,1d8+3d6,D3_F2,3,2,AGGRESSIVE,500,-0.123,0.0,"{""-5"": 9, ""-4"": 11, ""-3"": 10, ""-2"": 6, ""0"": 962, ""3"": 1, ""5"": 1}",0.036,0.962,0.002,-0.03,-1.195,1.766,1.659,0.345
FREQUENCY,1d8+3d6,D3_F2,3,2,GREEDY,500,-0.018145161290322582,0.0,"{""-5"": 2, ""-3"": 2, ""-2"": 1, ""0"": 987}",0.005040322580645161,0.9949596774193549,0.0,-0.028455284552845527,-1.4695121951219512,2.062,1.658,0.346
FREQUENCY,1d8+3d6,D3_F3,3,3,EFFICIENT,500,-1.8286666666666667,-2.0,"{""-6"": 3, ""-5"": 15, ""-4"": 111, ""-3"": 465, ""-2"": 328, ""-1"": 155, ""0"": 423}",0.718,0.282,0.0,0,0,0,1.6646666666666667,0.33799999999999997
FREQUENCY,1d8+3d6,D3_F3,3,3,ADAPTIVE,500,0,0.0,"{""0"": 1500}",0.0,1.0,0.0,-0.010666666666666666,-0.4146666666666667,0.984,1.6646666666666667,0.33799999999999997
FREQUENCY,1d8+3d6,D3_F3,3,3,AGGRESSIVE,500,-0.19533333333333333,0.0,"{""-10"": 2, ""-8"": 2, ""-7"": 4, ""-6"": 3, ""-5"": 15, ""-4"": 21, ""-3"": 14, ""-2"": 6, ""-1"": 5, ""0"": 1426, ""3"": 1, ""4"": 1}",0.048,0.9506666666666667,0.0013333333333333333,-0.05466666666666667,-1.382,2.25,1.6646666666666667,0.33799999999999997
FREQUENCY,1d8+3d6,D3_F3,3,3,GREEDY,500,-0.09543285616905249,0,"{""-10"": 1, ""-8"": 1, ""-6"": 2, ""-5"": 7, ""-4"": 10, ""-3"": 9, ""-2"": 3, ""-1"": 2, ""0"": 1432}",0.023858214042263123,0.9761417859577369,0.0,-0.037604456824512536,-1.517409470752089,2.512,1.6613333333333333,0.3413333333333333
FREQUENCY,1d8+3d6,D3_F4,3,4,EFFICIENT,500,-1.8625,-2.0,"{""-6"": 6, ""-5"": 23, ""-4"": 165, ""-3"": 621, ""-2"": 417, ""-1"": 217, ""0"": 551}",0.7245,0.2755,0.0,0,0,0,1.667,0.3365
FREQUENCY,1d8+3d6,D3_F4,3,4,ADAPTIVE,500,-0.0035,0.0,"{""-2"": 1, ""-1"": 5, ""0"": 1994}",0.003,0.997,0.0,-0.027,-0.495,1.308,1.667,0.3365
FREQUENCY,1d8+3d6,D3_F4,3,4,AGGRESSIVE,500,-0.2545,0.0,"{""-11"": 1, ""-10"": 2, ""-9"": 3, ""-8"": 5, ""-7"": 4, ""-6"": 5, ""-5"": 22, ""-4"": 32, ""-3"": 28, ""-2"": 17, ""-1"": 4, ""0"": 1875, ""3"": 1, ""4"": 1}",0.0615,0.9375,0.001,-0.1045,-1.794,3.138,1.667,0.3365
FREQUENCY,1d8+3d6,D3_F4,3,4,GREEDY,500,-0.10865087538619979,0.0,"{""-11"": 1, ""-9"": 1, ""-8"": 3, ""-7"": 2, ""-6"": 3, ""-5"": 9, ""-4"": 9, ""-3"": 14, ""-2"": 4, ""-1"": 4, ""0"": 1892}",0.025746652935118436,0.9742533470648815,0.0,-0.05178857447944474,-2.00854244527496,3.61,1.669,0.3345
PROFILES,6d6,P1,1,4,EFFICIENT,500,-0.928,-1.0,"{""-3"": 5, ""-2"": 33, ""-1"": 1775, ""0"": 187}",0.9065,0.0935,0.0,0,0,0,1.9655,0.0345
PROFILES,6d6,P1,1,4,ADAPTIVE,500,-0.1035,0.0,"{""-2"": 10, ""-1"": 187, ""0"": 1803}",0.0985,0.9015,0.0,-0.072,-0.3915,0.438,1.9655,0.0345
PROFILES,6d6,P1,1,4,AGGRESSIVE,500,-0.7791348600508906,-1,"{""-8"": 28, ""-7"": 39, ""-6"": 20, ""-5"": 8, ""-4"": 11, ""-3"": 33, ""-2"": 119, ""-1"": 786, ""0"": 863, ""1"": 1, ""2"": 1, ""3"": 4, ""4"": 4, ""5"": 27, ""6"": 20, ""7"": 1}",0.5312977099236641,0.4391857506361323,0.029516539440203562,-0.24974515800203873,-0.2624872579001019,1.946,1.967,0.033
PROFILES,6d6,P1,1,4,GREEDY,500,-0.31780055917986955,0,"{""-9"": 1, ""-8"": 6, ""-7"": 8, ""-6"": 3, ""-4"": 1, ""-3"": 21, ""-2"": 51, ""-1"": 84, ""0"": 888, ""2"": 1, ""3"": 3, ""4"": 1, ""5"": 3, ""6"": 1, ""7"": 1}",0.16309412861137,0.8275862068965517,0.009319664492078284,-0.29431438127090304,-0.7714604236343366,2.018,1.9693333333333334,0.030666666666666665
PROFILES,6d6,P2,2,2,EFFICIENT,500,-1.915,-2.0,"{""-4"": 1, ""-3"": 21, ""-2"": 911, ""-1"": 26, ""0"": 41}",0.959,0.041,0.0,0,0,0,1.979,0.021
PROFILES,6d6,P2,2,2,ADAPTIVE,500,-0.008,0.0,"{""-1"": 8, ""0"": 992}",0.008,0.992,0.0,-0.016,-0.075,0.094,1.979,0.021
PROFILES,6d6,P2,2,2,AGGRESSIVE,500,-1.4456740442655935,-2.0,"{""-10"": 1, ""-9"": 14, ""-8"": 24, ""-7"": 9, ""-6"": 2, ""-5"": 6, ""-4"": 8, ""-3"": 52, ""-2"": 396, ""-1"": 73, ""0"": 396, ""1"": 1, ""3"": 3, ""4"": 6, ""5"": 3}",0.5885311871227364,0.3983903420523139,0.013078470824949699,-0.3953488372093023,-0.39332659251769464,1.852,1.979,0.021
PROFILES,6d6,P2,2,2,GREEDY,500,-0.40263543191800877,0,"{""-10"": 1, ""-9"": 3, ""-8"": 3, ""-7"": 1, ""-6"": 2, ""-5"": 2, ""-4"": 5, ""-3"": 20, ""-2"": 44, ""-1"": 22, ""0"": 579, ""5"": 1}",0.15080527086383602,0.8477306002928258,0.0014641288433382138,-0.4731934731934732,-1.17016317016317,2.46,1.977,0.023
PROFILES,6d6,P3,3,2,EFFICIENT,500,-2.838,-3.0,"{""-4"": 3, ""-3"": 897, ""-2"": 59, ""-1"": 17, ""0"": 24}",0.976,0.024,0.0,0,0,0,1.958,0.042
PROFILES,6d6,P3,3,2,ADAPTIVE,500,-0.005,0.0,"{""-1"": 5, ""0"": 995}",0.005,0.995,0.0,-0.04,-0.162,0.162,1.958,0.042
PROFILES,6d6,P3,3,2,AGGRESSIVE,500,-1.858433734939759,-2.0,"{""-12"": 3, ""-11"": 4, ""-10"": 9, ""-9"": 11, ""-8"": 12, ""-7"": 8, ""-6"": 4, ""-5"": 12, ""-4"": 42, ""-3"": 299, ""-2"": 117, ""-1"": 56, ""0"": 416, ""1"": 1, ""4"": 2}",0.5793172690763052,0.41767068273092367,0.0030120481927710845,-1.145748987854251,-0.8765182186234818,3.242,1.958,0.042
PROFILES,6d6,P3,3,2,GREEDY,500,-0.5556962025316455,0.0,"{""-11"": 2, ""-9"": 8, ""-8"": 2, ""-7"": 2, ""-6"": 5, ""-5"": 11, ""-4"": 13, ""-3"": 36, ""-2"": 27, ""-1"": 16, ""0"": 668}",0.15443037974683543,0.8455696202531645,0.0,-1.1943127962085307,-2.5924170616113744,4.598,1.955,0.045
PROFILES,4d8+1d6,P1,1,4,EFFICIENT,500,-0.869,-1.0,"{""-4"": 5, ""-3"": 12, ""-2"": 131, ""-1"": 1425, ""0"": 426, ""5"": 1}",0.7865,0.213,0.0005,0,-0.0015,0,1.8935,0.107
PROFILES,4d8+1d6,P1,1,4,ADAPTIVE,500,-0.125,0.0,"{""-4"": 1, ""-3"": 5, ""-2"": 44, ""-1"": 143, ""0"": 1807}",0.0965,0.9035,0.0,-0.149,-0.5335,0.6,1.8935,0.107
PROFILES,4d8+1d6,P1,1,4,AGGRESSIVE,500,-0.78860103626943,0.0,"{""-9"": 2, ""-8"": 29, ""-7"": 37, ""-6"": 24, ""-5"": 18, ""-4"": 20, ""-3"": 54, ""-2"": 138, ""-1"": 621, ""0"": 914, ""1"": 2, ""2"": 7, ""3"": 3, ""4"": 6, ""5"": 24, ""6"": 27, ""7"": 3, ""8"": 1}",0.4886010362694301,0.47357512953367875,0.03782383419689119,-0.3082120582120582,-0.16216216216216217,1.832,1.8948333333333334,0.10566666666666667
PROFILES,4d8+1d6,P1,1,4,GREEDY,500,-0.34518828451882844,0.0,"{""-8"": 5, ""-7"": 8, ""-6"": 10, ""-5"": 4, ""-4"": 7, ""-3"": 19, ""-2"": 35, ""-1"": 48, ""0"": 808, ""2"": 2, ""3"": 2, ""4"": 2, ""5"": 5, ""6"": 1}",0.14225941422594143,0.8451882845188284,0.012552301255230125,-0.21085858585858586,-0.6553030303030303,1.674,1.8741666666666668,0.12583333333333332
PROFILES,4d8+1d6,P2,2,2,EFFICIENT,500,-1.808,-2.0,"{""-4"": 11, ""-3"": 43, ""-2"": 760, ""-1"": 115, ""0"": 71}",0.929,0.071,0.0,0,0,0,1.888,0.112
PROFILES,4d8+1d6,P2,2,2,ADAPTIVE,500,-0.01,0.0,"{""-2"": 2, ""-1"": 6, ""0"": 992}",0.008,0.992,0.0,-0.017,-0.086,0.114,1.888,0.112
PROFILES,4d8+1d6,P2,2,2,AGGRESSIVE,500,-1.3698770491803278,-1.0,"{""-10"": 2, ""-9"": 10, ""-8"": 22, ""-7"": 7, ""-6"": 6, ""-5"": 8, ""-4"": 30, ""-3"": 70, ""-2"": 292, ""-1"": 111, ""0"": 395, ""1"": 1, ""2"": 1, ""3"": 2, ""4"": 11, ""5"": 3, ""6"": 4, ""7"": 1}",0.5717213114754098,0.4047131147540984,0.0235655737704918,-0.3987473903966597,-0.2536534446764092,1.854,1.89,0.11
PROFILES,4d8+1d6,P2,2,2,GREEDY,500,-0.33015873015873015,0.0,"{""-10"": 1, ""-9"": 5, ""-8"": 2, ""-7"": 1, ""-5"": 2, ""-4"": 3, ""-3"": 17, ""-2"": 28, ""-1"": 10, ""0"": 559, ""4"": 1, ""5"": 1}",0.10952380952380952,0.8873015873015873,0.0031746031746031746,-0.5492537313432836,-1.0597014925373134,2.362,1.885,0.115
PROFILES,4d8+1d6,P3,3,2,EFFICIENT,500,-2.779,-3.0,"{""-6"": 2, ""-5"": 9, ""-4"": 46, ""-3"": 756, ""-2"": 124, ""-1"": 23, ""0"": 39, ""1"": 1}",0.96,0.039,0.001,0,-0.002,0,1.896,0.106
PROFILES,4d8+1d6,P3,3,2,ADAPTIVE,500,-0.007,0.0,"{""-2"": 3, ""-1"": 1, ""0"": 996}",0.004,0.996,0.0,-0.056,-0.182,0.182,1.896,0.106
PROFILES,4d8+1d6,P3,3,2,AGGRESSIVE,500,-1.8658536585365855,-2.0,"{""-11"": 4, ""-10"": 14, ""-9"": 10, ""-8"": 6, ""-7"": 6, ""-6"": 13, ""-5"": 24, ""-4"": 69, ""-3"": 237, ""-2"": 131, ""-1"": 58, ""0"": 403, ""3"": 4, ""4"": 4, ""5"": 1}",0.5813008130081301,0.4095528455284553,0.009146341463414634,-1.0793319415448852,-0.6910229645093946,3.174,1.897,0.105
PROFILES,4d8+1d6,P3,3,2,GREEDY,500,-0.6487935656836461,0.0,"{""-12"": 2, ""-11"": 2, ""-10"": 4, ""-9"": 1, ""-7"": 5, ""-6"": 5, ""-5"": 16, ""-4"": 17, ""-3"": 38, ""-2"": 25, ""-1"": 12, ""0"": 619}",0.17024128686327078,0.8297587131367292,0.0,-1.360248447204969,-1.9192546583850931,4.168,1.9,0.102
PROFILES,2d10+4d6,P1,1,4,EFFICIENT,500,-0.971,-1.0,"{""-3"": 5, ""-2"": 41, ""-1"": 1845, ""0"": 109}",0.9455,0.0545,0.0,0,0,0,1.9705,0.0295
PROFILES,2d10+4d6,P1,1,4,ADAPTIVE,500,-0.0185,0.0,"{""-2"": 5, ""-1"": 28, ""0"": 1966, ""1"": 1}",0.0165,0.983,0.0005,-0.1325,-0.0895,0.708,1.9705,0.0295
PROFILES,2d10+4d6,P1,1,4,AGGRESSIVE,500,-0.9102132435465768,-1.0,"{""-9"": 1, ""-8"": 12, ""-7"": 15, ""-6"": 4, ""-5"": 6, ""-4"": 1, ""-3"": 10, ""-2"": 69, ""-1"": 1293, ""0"": 348, ""1"": 2, ""3"": 2, ""4"": 2, ""5"": 12, ""6"": 4, ""7"": 1}",0.7918069584736251,0.19528619528619529,0.012906846240179574,-0.07505643340857787,-0.06997742663656885,1.69,1.97,0.03
PROFILES,2d10+4d6,P1,1,4,GREEDY,500,-0.2315112540192926,0.0,"{""-8"": 4, ""-7"": 2, ""-4"": 2, ""-3"": 3, ""-2"": 22, ""-1"": 42, ""0"": 546, ""5"": 1}",0.12057877813504823,0.8778135048231511,0.001607717041800643,-0.0812720848056537,-0.25265017667844525,1.22,1.9736666666666667,0.026333333333333334
PROFILES,2d10+4d6,P2,2,2,EFFICIENT,500,-1.97,-2.0,"{""-4"": 1, ""-3"": 22, ""-2"": 941, ""-1"": 18, ""0"": 18}",0.982,0.018,0.0,0,0,0,1.971,0.029
PROFILES,2d10+4d6,P2,2,2,ADAPTIVE,500,-0.017,0.0,"{""-2"": 1, ""-1"": 15, ""0"": 984}",0.016,0.984,0.0,-0.126,-0.361,0.64,1.971,0.029
PROFILES,2d10+4d6,P2,2,2,AGGRESSIVE,500,-1.6012931034482758,-2.0,"{""-10"": 1, ""-9"": 2, ""-8"": 3, ""-7"": 1, ""-4"": 4, ""-3"": 22, ""-2"": 650, ""-1"": 51, ""0"": 192, ""1"": 1, ""5"": 1}",0.790948275862069,0.20689655172413793,0.0021551724137931034,-0.26011560693641617,-0.08670520231213873,1.316,1.972,0.028
PROFILES,2d10+4d6,P2,2,2,GREEDY,500,-0.04474708171206226,0.0,"{""-3"": 2, ""-2"": 8, ""-1"": 1, ""0"": 503}",0.021400778210116732,0.9785992217898832,0.0,-0.7766990291262136,-0.8737864077669902,1.868,1.975,0.025
PROFILES,2d10+4d6,P3,3,2,EFFICIENT,500,-2.935,-3.0,"{""-4"": 8, ""-3"": 941, ""-2"": 34, ""-1"": 12, ""0"": 5}",0.995,0.005,0.0,0,0,0,1.967,0.033
PROFILES,2d10+4d6,P3,3,2,ADAPTIVE,500,-0.101,0.0,"{""-2"": 2, ""-1"": 97, ""0"": 901}",0.099,0.901,0.0,-0.448,-2.084,2.084,1.967,0.033
PROFILES,2d10+4d6,P3,3,2,AGGRESSIVE,500,-2.552350427350427,-3.0,"{""-11"": 2, ""-10"": 12, ""-9"": 14, ""-8"": 4, ""-7"": 4, ""-6"": 3, ""-5"": 11, ""-4"": 38, ""-3"": 552, ""-2"": 81, ""-1"": 28, ""0"": 184, ""3"": 2, ""4"": 1}",0.8002136752136753,0.19658119658119658,0.003205128205128205,-0.6372093023255814,-0.10465116279069768,2.006,1.967,0.033
PROFILES,2d10+4d6,P3,3,2,GREEDY,500,-0.42783505154639173,0.0,"{""-10"": 1, ""-9"": 2, ""-7"": 4, ""-6"": 8, ""-5"": 2, ""-4"": 10, ""-3"": 27, ""-2"": 6, ""-1"": 2, ""0"": 520}",0.10652920962199312,0.8934707903780069,0.0,-1.5675675675675675,-0.8108108108108109,3.152,1.956,0.044
PROFILES,1d8+3d6,P1,1,4,EFFICIENT,500,-0.5025,0.0,"{""-4"": 9, ""-3"": 82, ""-2"": 185, ""-1"": 353, ""0"": 1371}",0.3145,0.6855,0.0,0,0,0,1.6255,0.3745
PROFILES,1d8+3d6,P1,1,4,ADAPTIVE,500,0,0.0,"{""0"": 2000}",0.0,1.0,0.0,0,-0.0155,0.052,1.6255,0.3745
PROFILES,1d8+3d6,P1,1,4,AGGRESSIVE,500,-0.0275,0.0,"{""-6"": 3, ""-5"": 5, ""-4"": 4, ""-3"": 1, ""-2"": 1, ""-1"": 2, ""0"": 1981, ""3"": 2, ""5"": 1}",0.008,0.9905,0.0015,-0.0295,-0.5115,0.888,1.6255,0.3745
PROFILES,1d8+3d6,P1,1,4,GREEDY,500,-0.008048289738430584,0.0,"{""-6"": 1, ""-5"": 1, ""-3"": 1, ""-2"": 1, ""0"": 1984}",0.002012072434607646,0.9979879275653923,0.0,-0.02225594334850784,-0.5442589782498736,0.91,1.6255,0.3745
PROFILES,1d8+3d6,P2,2,2,EFFICIENT,500,-1.15,-1.0,"{""-5"": 5, ""-4"": 29, ""-3"": 94, ""-2"": 290, ""-1"": 147, ""0"": 435}",0.565,0.435,0.0,0,0,0,1.625,0.377
PROFILES,1d8+3d6,P2,2,2,ADAPTIVE,500,0,0.0,"{""0"": 1000}",0.0,1.0,0.0,-0.001,-0.031,0.062,1.625,0.377
PROFILES,1d8+3d6,P2,2,2,AGGRESSIVE,500,-0.053,0.0,"{""-10"": 1, ""-6"": 1, ""-5"": 3, ""-4"": 2, ""-3"": 2, ""-2"": 3, ""-1"": 2, ""0"": 986}",0.014,0.986,0.0,-0.024,-0.737,1.064,1.625,0.377
PROFILES,1d8+3d6,P2,2,2,GREEDY,500,-0.01903807615230461,0.0,"{""-8"": 1, ""-6"": 1, ""-5"": 1, ""0"": 995}",0.003006012024048096,0.996993987975952,0.0,-0.012072434607645875,-0.8229376257545271,1.126,1.625,0.377
PROFILES,1d8+3d6,P3,3,2,EFFICIENT,500,-1.835,-2.0,"{""-6"": 3, ""-5"": 11, ""-4"": 88, ""-3"": 310, ""-2"": 182, ""-1"": 116, ""0"": 290}",0.71,0.29,0.0,0,0,0,1.678,0.327
PROFILES,1d8+3d6,P3,3,2,ADAPTIVE,500,-0.002,0.0,"{""-2"": 1, ""0"": 999}",0.001,0.999,0.0,-0.016,-0.108,0.108,1.678,0.327
PROFILES,1d8+3d6,P3,3,2,AGGRESSIVE,500,-0.13,0.0,"{""-7"": 1, ""-6"": 2, ""-5"": 8, ""-4"": 11, ""-3"": 8, ""-2"": 1, ""-1"": 1, ""0"": 968}",0.032,0.968,0.0,-0.092,-1.48,1.684,1.678,0.327
PROFILES,1d8+3d6,P3,3,2,GREEDY,500,-0.023,0.0,"{""-5"": 1, ""-4"": 3, ""-3"": 2, ""0"": 994}",0.006,0.994,0.0,-0.02231237322515213,-1.8052738336713996,1.932,1.678,0.327
