pool,length,profile,policy,seeds,mean_score,median_score,dnf_rate,mean_production,mean_production_flat_segments,mean_production_difficult_segments,mean_cost,mean_cost_flat_segments,mean_cost_difficult_segments,mean_terrain_extra_cost,mean_spent,mean_reserve_remaining,clamp_rate,mean_available_productions,mean_payable_productions,mean_plausible_productions,final_acceleration_rate,positive_split_rate,negative_split_rate
6d6,6,D0_FLAT,EFFICIENT,500,88.942,90.0,0,14.823666666666666,14.823666666666666,,1,1,,0,6,8.69,0,18.964333333333332,18.85,1.959,0.286,0.21,0.224
6d6,6,D1_EARLY,EFFICIENT,500,83.228,84.0,0,13.871333333333334,14.815,11.984,1,1,1,0,6,8.69,0,18.964333333333332,18.85,1.9613333333333334,0.958,0.994,0.002
6d6,6,D2_LATE,EFFICIENT,500,83.25,84.0,0,13.875,14.818,11.989,1,1,1,0,6,8.69,0,18.964333333333332,18.633666666666667,1.96,0,0.002,0.994
6d6,6,D0_FLAT,ADAPTIVE,500,98.974,99.0,0,16.495666666666665,16.495666666666665,,1.7086666666666668,1.7086666666666668,,0,10.252,4.438,0,18.964333333333332,18.788666666666668,1.959,0.916,0.94,0.038
6d6,6,D1_EARLY,ADAPTIVE,500,98.116,98.0,0,16.352666666666668,16.682,15.694,1.8153333333333332,1.732,1.982,0.64,10.892,3.798,0,18.964333333333332,18.767,1.9613333333333334,0.922,0.942,0.036
6d6,6,D2_LATE,ADAPTIVE,500,98.97,99.0,0,16.495,15.814,17.857,1.929,1.6145,2.558,1.322,11.574,3.116,0,18.964333333333332,18.469333333333335,1.96,0.914,0.938,0.038
6d6,6,D0_FLAT,AGGRESSIVE,500,110.682,111.0,0.028,18.703333333333333,18.703333333333333,,2.4715,2.4715,,0,14.478,0.304,0.012,18.992166666666666,18.102833333333333,1.959,0.214,0.238,0.744
6d6,6,D1_EARLY,AGGRESSIVE,500,102.394,105.0,0.074,17.815833333333334,17.587,18.373,2.7333333333333334,2.105,3.848,3.734,15.068,0.09,0.056,19.014166666666668,17.9965,1.9606666666666666,0.138,0.166,0.802
6d6,6,D2_LATE,AGGRESSIVE,500,105.582,106.0,0.028,17.85333333333333,19.5505,14.252057613168724,2.504166666666667,2.867166666666667,1.6934156378600822,0.704,14.674,0.108,0.012,18.992166666666666,17.4115,1.96,0.076,0.124,0.854
6d6,6,D0_FLAT,GREEDY,500,85.448,78.0,0.752,21.083566666666666,21.083566666666666,,5.1251,5.1251,,0,18.372,0.254,0.47,19.183,18.878333333333334,1.9505,0.51,0.5,0.476
6d6,6,D1_EARLY,GREEDY,500,73.142,68.0,0.906,21.1324,20.936833333333333,21.107,7.267366666666667,5.103833333333333,8.426,6.658,23.274,0.05,0.722,19.100433333333335,18.9315,1.9543,0.554,0.532,0.438
6d6,6,D2_LATE,GREEDY,500,83.076,78.0,0.806,20.84636666666667,21.100666666666665,16.59223300970874,5.1797,5.143666666666666,2.8470873786407767,0.722,18.544,0.082,0.47,19.173866666666665,18.667,1.9505666666666668,0.41,0.428,0.548
6d6,9,D0_FLAT,EFFICIENT,500,133.492,134.0,0,14.832444444444445,14.832444444444445,,1,1,,0,9,11.69,0,18.965777777777777,18.906444444444446,1.9575555555555555,0.42,0.286,0.3
6d6,9,D1_EARLY,EFFICIENT,500,127.778,128.0,0,14.197555555555555,14.83,11.984,1,1,1,0,9,11.69,0,18.965777777777777,18.906444444444446,1.959111111111111,0.926,0.998,0.002
6d6,9,D2_LATE,EFFICIENT,500,127.748,128.0,0,14.194222222222223,14.827142857142857,11.979,1,1,1,0,9,11.69,0,18.965777777777777,18.835333333333335,1.9586666666666666,0.01,0.03,0.97
6d6,9,D3_ROLLING,EFFICIENT,500,124.006,125.0,0,13.778444444444444,14.8352,12.4575,1,1,1,0,9,11.69,0,18.965777777777777,18.85622222222222,1.961111111111111,0.052,0.908,0.092
6d6,9,D0_FLAT,ADAPTIVE,500,147.678,148.0,0,16.408666666666665,16.408666666666665,,1.776,1.776,,0,15.984,4.706,0,18.965777777777777,18.807333333333332,1.9575555555555555,0.906,0.966,0.028
6d6,9,D1_EARLY,ADAPTIVE,500,146.56,147.0,0,16.284444444444443,16.495714285714286,15.545,1.8462222222222222,1.8074285714285714,1.982,0.646,16.616,4.074,0,18.965777777777777,18.788,1.959111111111111,0.908,0.96,0.032
6d6,9,D2_LATE,ADAPTIVE,500,147.642,148.0,0,16.404666666666667,16.157714285714285,17.269,1.8302222222222222,1.7365714285714284,2.158,0.488,16.472,4.218,0,18.965777777777777,18.653333333333332,1.9586666666666666,0.906,0.966,0.028
6d6,9,D3_ROLLING,ADAPTIVE,500,146.542,146.0,0,16.282444444444444,16.3596,16.186,1.8806666666666667,1.7692,2.02,0.95,16.926,3.764,0,18.965777777777777,18.637555555555554,1.961111111111111,0.908,0.96,0.032
6d6,9,D0_FLAT,AGGRESSIVE,500,160.396,161.0,0.014,17.981011111111112,17.981011111111112,,2.3298,2.3298,,0,20.612,0.098,0.002,18.977533333333334,18.08721111111111,1.9577777777777778,0.058,0.106,0.888
6d6,9,D1_EARLY,AGGRESSIVE,500,149.49,152.0,0.046,17.19057777777778,16.766261904761905,18.754,2.499511111111111,1.8755714285714284,4.539,4.89,20.832,0.028,0.026,19.012833333333333,18.07368888888889,1.9602222222222223,0.032,0.08,0.916
6d6,9,D2_LATE,AGGRESSIVE,500,154.844,155.0,0.014,17.36412222222222,18.540757142857142,13.13184584178499,2.336688888888889,2.6064666666666665,1.3407707910750508,0.328,20.674,0.036,0.002,18.977533333333334,17.75898888888889,1.9586666666666666,0.02,0.066,0.932
6d6,9,D3_ROLLING,AGGRESSIVE,500,147.554,150.0,0.042,16.886044444444444,17.5784,16.005666666666666,2.4494333333333334,2.259,2.6665,3.746,20.796,0.006,0.014,19.008244444444443,17.728744444444445,1.9611555555555555,0.012,0.04,0.958
6d6,9,D0_FLAT,GREEDY,500,108.492,104.0,0.918,20.910257936507936,20.910257936507936,,4.996534126984127,4.996534126984127,,0,22.24,0.086,0.242,19.230524603174604,18.772410317460317,1.9531690476190475,0.414,0.436,0.536
6d6,9,D1_EARLY,GREEDY,500,86.474,74.0,0.972,21.13766984126984,20.927380952380954,21.107,7.114536507936508,5.117742857142857,8.426,6.658,25.388,0.022,0.51,19.217151587301586,18.91790476190476,1.9527857142857143,0.498,0.526,0.446
6d6,9,D2_LATE,GREEDY,500,106.352,104.0,0.958,20.793801587301587,20.954214285714286,16.251655629139073,5.024121428571429,5.024276190476191,2.5794701986754967,0.448,22.298,0.028,0.242,19.22373492063492,18.671807142857144,1.9539666666666666,0.372,0.414,0.566
6d6,9,D3_ROLLING,GREEDY,500,92.166,84.0,0.988,20.75657380952381,20.7869,20.822333333333333,5.868137301587302,4.9688,7.2895,4.286,23.186,0,0.334,19.209324603174604,18.63006746031746,1.9593666666666667,0.39,0.416,0.562
4d8+1d6,6,D0_FLAT,EFFICIENT,500,87.872,89.0,0,14.645333333333333,14.645333333333333,,1,1,,0,6,8.43,0,16.754,16.577333333333332,1.8666666666666667,0.452,0.36,0.334
4d8+1d6,6,D1_EARLY,EFFICIENT,500,82.344,83.0,0,13.724,14.6625,11.847,1,1,1,0,6,8.43,0,16.754,16.577333333333332,1.8756666666666666,0.96,0.974,0.012
4d8+1d6,6,D2_LATE,EFFICIENT,500,82.252,83.0,0,13.708666666666666,14.6325,11.861,1.0006666666666666,1,1.002,0.002,6.004,8.426,0,16.754,16.358666666666668,1.8786666666666667,0,0.014,0.978
4d8+1d6,6,D0_FLAT,ADAPTIVE,500,100.156,100.5,0,16.692666666666668,16.692666666666668,,1.699,1.699,,0,10.194,4.236,0,16.754,16.506666666666668,1.8666666666666667,0.886,0.896,0.07
4d8+1d6,6,D1_EARLY,ADAPTIVE,500,99.204,99.0,0,16.534,16.874,15.854,1.8086666666666666,1.729,1.968,0.664,10.852,3.578,0,16.754,16.482666666666667,1.8756666666666666,0.88,0.884,0.078
4d8+1d6,6,D2_LATE,ADAPTIVE,500,100.022,100.0,0,16.670333333333332,16.008,17.995,2.066,1.6065,2.985,2.202,12.396,2.034,0,16.754,16.211666666666666,1.8786666666666667,0.882,0.896,0.07
4d8+1d6,6,D0_FLAT,AGGRESSIVE,500,108.596,110.0,0.064,18.737666666666666,18.737666666666666,,2.5418333333333334,2.5418333333333334,,0,14.374,0.27,0.03,16.842833333333335,15.9915,1.871,0.2,0.216,0.754
4d8+1d6,6,D1_EARLY,AGGRESSIVE,500,101.406,104.0,0.094,17.892833333333332,17.8365,18.18,2.796333333333333,2.247,3.746,3.464,14.982,0.118,0.072,16.877333333333333,15.969166666666666,1.8813333333333333,0.166,0.17,0.798
4d8+1d6,6,D2_LATE,AGGRESSIVE,500,103.708,105.0,0.064,17.923000000000002,19.631666666666668,13.989316239316238,2.5725,2.946833333333333,1.6132478632478633,0.554,14.558,0.086,0.03,16.842833333333335,15.410833333333333,1.8803333333333334,0.086,0.112,0.868
4d8+1d6,6,D0_FLAT,GREEDY,500,81.624,75.0,0.83,21.595866666666666,21.595866666666666,,5.8349,5.8349,,0,19.832,0.152,0.576,16.947566666666667,16.704433333333334,1.8592333333333333,0.522,0.504,0.472
4d8+1d6,6,D1_EARLY,GREEDY,500,72.024,69.0,0.92,21.6277,21.546166666666668,21.514,7.8722,5.850666666666666,8.917,6.152,24.652,0.064,0.81,16.8791,16.752666666666666,1.8769333333333333,0.56,0.552,0.412
4d8+1d6,6,D2_LATE,GREEDY,500,80.062,75.0,0.86,21.4158,21.5935,16.583333333333332,5.865366666666667,5.8635,2.548076923076923,0.412,19.928,0.056,0.576,16.938633333333332,16.5741,1.8623,0.438,0.47,0.512
4d8+1d6,9,D0_FLAT,EFFICIENT,500,131.728,132.0,0,14.636444444444445,14.636444444444445,,1,1,,0,9,11.43,0,16.726222222222223,16.630444444444443,1.8673333333333333,0.594,0.446,0.452
4d8+1d6,9,D1_EARLY,EFFICIENT,500,126.2,127.0,0,14.022222222222222,14.643714285714285,11.847,1,1,1,0,9,11.43,0,16.726222222222223,16.630444444444443,1.8733333333333333,0.894,0.988,0.012
4d8+1d6,9,D2_LATE,EFFICIENT,500,126.236,127.0,0,14.026222222222222,14.646285714285714,11.856,1.0002222222222221,1,1.001,0,9.002,11.428,0,16.726222222222223,16.53822222222222,1.8702222222222222,0.024,0.054,0.946
4d8+1d6,9,D3_ROLLING,EFFICIENT,500,122.492,123.0,0,13.610222222222223,14.6344,12.33,1.0002222222222221,1,1.0005,0,9.002,11.428,0,16.726222222222223,16.56088888888889,1.8708888888888888,0.15,0.774,0.224
4d8+1d6,9,D0_FLAT,ADAPTIVE,500,149.364,150.0,0,16.596,16.596,,1.7604444444444445,1.7604444444444445,,0,15.844,4.586,0,16.726222222222223,16.50733333333333,1.8673333333333333,0.866,0.922,0.074
4d8+1d6,9,D1_EARLY,ADAPTIVE,500,148.026,148.0,0,16.447333333333333,16.687428571428573,15.607,1.8315555555555556,1.7934285714285714,1.965,0.664,16.484,3.946,0,16.726222222222223,16.48622222222222,1.8733333333333333,0.88,0.926,0.072
4d8+1d6,9,D2_LATE,ADAPTIVE,500,149.23,150.0,0,16.58111111111111,16.34914285714286,17.393,1.8539999999999999,1.7234285714285713,2.311,0.842,16.686,3.744,0,16.726222222222223,16.348666666666666,1.8702222222222222,0.862,0.918,0.076
4d8+1d6,9,D3_ROLLING,ADAPTIVE,500,147.94,148.0,0,16.43777777777778,16.4796,16.3855,1.8942222222222223,1.756,2.067,1.232,17.048,3.382,0,16.726222222222223,16.327111111111112,1.8708888888888888,0.876,0.92,0.078
4d8+1d6,9,D0_FLAT,AGGRESSIVE,500,156.28,160.0,0.054,17.99818888888889,17.99818888888889,,2.4356333333333335,2.4356333333333335,,0,20.468,0.046,0.022,16.784144444444443,15.9185,1.8693333333333333,0.072,0.096,0.9
4d8+1d6,9,D1_EARLY,AGGRESSIVE,500,146.776,151.0,0.076,17.29607777777778,16.980738095238095,18.549,2.6574666666666666,2.0710714285714285,4.452,4.672,20.824,0.016,0.052,16.846777777777778,15.953855555555556,1.8772888888888888,0.052,0.09,0.904
4d8+1d6,9,D2_LATE,AGGRESSIVE,500,151.2,154.0,0.054,17.433744444444443,18.585776190476192,12.931289640591967,2.439188888888889,2.7137285714285713,1.266384778012685,0.188,20.5,0.014,0.022,16.784144444444443,15.645833333333334,1.8722222222222222,0.03,0.064,0.932
4d8+1d6,9,D3_ROLLING,AGGRESSIVE,500,146.062,148.5,0.052,16.8088,17.584133333333334,15.8325,2.4126000000000003,2.3007333333333335,2.5425,3.338,20.46,0.006,0.014,16.786744444444444,15.5688,1.8713444444444445,0.022,0.04,0.952
4d8+1d6,9,D0_FLAT,GREEDY,500,100.884,93.5,0.944,21.440954761904763,21.440954761904763,,5.697234920634921,5.697234920634921,,0,23.08,0.022,0.328,16.959478571428573,16.565540476190478,1.8555960317460318,0.44,0.458,0.512
4d8+1d6,9,D1_EARLY,GREEDY,500,82.58,74.0,0.976,21.61688650793651,21.523761904761905,21.514,7.687738095238095,5.805780952380952,8.917,6.152,26.338,0.006,0.578,16.957068253968252,16.70439365079365,1.8739428571428571,0.512,0.528,0.45
4d8+1d6,9,D2_LATE,GREEDY,500,99.442,93.5,0.97,21.350669047619046,21.483014285714287,15.939814814814815,5.711719047619048,5.727433333333334,2.3518518518518516,0.244,23.1,0.002,0.328,16.95561746031746,16.492016666666668,1.8557349206349207,0.39,0.432,0.544
4d8+1d6,9,D3_ROLLING,GREEDY,500,87.346,79.0,0.994,21.303999206349207,21.298366666666666,21.481833333333334,6.475822222222222,5.621933333333334,7.9165,3.512,23.958,0,0.396,16.95166111111111,16.47535873015873,1.8624460317460318,0.422,0.426,0.552
2d10+4d6,6,D0_FLAT,EFFICIENT,500,89.546,90.0,0,14.924333333333333,14.924333333333333,,1,1,,0,6,8.536,0,22.188333333333333,21.44633333333333,1.958,0.158,0.118,0.134
2d10+4d6,6,D1_EARLY,EFFICIENT,500,83.656,84.0,0,13.942666666666666,14.9215,11.985,1,1,1,0,6,8.536,0,22.188333333333333,21.44633333333333,1.9603333333333333,0.992,0.998,0
2d10+4d6,6,D2_LATE,EFFICIENT,500,83.656,84.0,0,13.942666666666666,14.9245,11.979,1,1,1,0,6,8.536,0,22.188333333333333,20.927333333333333,1.9596666666666667,0,0,1
2d10+4d6,6,D0_FLAT,ADAPTIVE,500,115.362,116.0,0,19.227,19.227,,2.1946666666666665,2.1946666666666665,,0,13.168,1.368,0,22.188333333333333,21.107333333333333,1.958,0.882,0.896,0.066
2d10+4d6,6,D1_EARLY,ADAPTIVE,500,110.856,111.5,0.002,18.482133333333334,18.480833333333333,18.484,2.3286666666666664,1.982,3.021,2.108,13.966,0.57,0,22.190133333333332,20.749333333333333,1.9602666666666666,0.634,0.608,0.304
2d10+4d6,6,D2_LATE,ADAPTIVE,500,110.134,110.0,0,18.355666666666668,18.6345,17.798,2.393666666666667,1.9695,3.242,2.86,14.362,0.174,0,22.188333333333333,19.998333333333335,1.9596666666666667,0.298,0.464,0.452
2d10+4d6,6,D0_FLAT,AGGRESSIVE,500,104.166,109.0,0.178,19.382166666666667,19.382166666666667,,3.253,3.253,,0,15.982,0.004,0.144,22.388,20.379833333333334,1.9595,0.11,0.114,0.844
2d10+4d6,6,D1_EARLY,AGGRESSIVE,500,97.438,103.0,0.204,18.576666666666668,18.478,18.97,3.620833333333333,2.9475,4.463,3.362,16.848,0,0.198,22.423,20.473,1.963,0.068,0.086,0.902
2d10+4d6,6,D2_LATE,AGGRESSIVE,500,99.344,103.0,0.178,18.578500000000002,20.6145,12.534063260340632,3.2536666666666667,3.807166666666667,1.145985401459854,0.098,15.986,0,0.144,22.388,19.6705,1.9605,0.092,0.094,0.87
2d10+4d6,6,D0_FLAT,GREEDY,500,79.882,79.0,0.98,25.1428,25.1428,,9.547366666666667,9.547366666666667,,0,29.356,0.004,0.862,22.3859,22.211566666666666,1.9535,0.502,0.502,0.484
2d10+4d6,6,D1_EARLY,GREEDY,500,76.67,76.0,0.996,25.1505,25.073,25.152,11.385966666666667,9.5145,12.322,5.53,34.374,0,0.958,22.310766666666666,22.253133333333334,1.961,0.502,0.5,0.486
2d10+4d6,6,D2_LATE,GREEDY,500,79.47,79.0,0.99,25.100066666666667,25.169166666666666,15.391891891891891,9.553566666666667,9.560666666666666,2.581081081081081,0.098,29.36,0,0.862,22.381566666666668,22.1725,1.9539,0.492,0.496,0.49
2d10+4d6,9,D0_FLAT,EFFICIENT,500,134.262,135.0,0,14.918,14.918,,1,1,,0,9,11.536,0,22.19488888888889,21.730666666666668,1.9582222222222223,0.266,0.156,0.234
2d10+4d6,9,D1_EARLY,EFFICIENT,500,128.372,129.0,0,14.263555555555556,14.91457142857143,11.985,1,1,1,0,9,11.536,0,22.19488888888889,21.730666666666668,1.9597777777777778,0.962,1,0
2d10+4d6,9,D2_LATE,EFFICIENT,500,128.438,129.0,0,14.270888888888889,14.924285714285714,11.984,1,1,1,0,9,11.536,0,22.19488888888889,21.502222222222223,1.9586666666666666,0,0.01,0.99
2d10+4d6,9,D3_ROLLING,EFFICIENT,500,124.508,125.0,0,13.834222222222223,14.9216,12.475,1,1,1,0,9,11.536,0,22.19488888888889,21.54911111111111,1.9604444444444444,0.012,0.952,0.048
2d10+4d6,9,D0_FLAT,ADAPTIVE,500,172.098,172.0,0,19.122,19.122,,2.1317777777777778,2.1317777777777778,,0,19.186,1.35,0,22.19488888888889,21.058444444444444,1.9582222222222223,0.874,0.928,0.068
2d10+4d6,9,D1_EARLY,ADAPTIVE,500,167.3,168.0,0.004,18.601142857142857,18.661238095238094,18.389,2.1971468253968256,2.0105238095238094,2.847,1.756,19.756,0.78,0,22.193920634920634,20.759630952380952,1.9597142857142857,0.69,0.708,0.278
2d10+4d6,9,D2_LATE,ADAPTIVE,500,165.158,165.0,0,18.35088888888889,18.221714285714285,18.803,2.2724444444444445,1.8662857142857143,3.694,3.478,20.452,0.084,0,22.19488888888889,20.019555555555556,1.9586666666666666,0.106,0.372,0.584
2d10+4d6,9,D3_ROLLING,ADAPTIVE,500,165.626,166.0,0,18.40288888888889,18.2596,18.582,2.2586666666666666,1.8868,2.7235,3.046,20.328,0.208,0,22.19488888888889,20.118222222222222,1.9604444444444444,0.338,0.49,0.472
2d10+4d6,9,D0_FLAT,AGGRESSIVE,500,146.628,157.0,0.144,18.42781111111111,18.42781111111111,,3.0740444444444446,3.0740444444444446,,0,21.39,0,0.1,22.37528888888889,20.210166666666666,1.960488888888889,0.04,0.044,0.944
2d10+4d6,9,D1_EARLY,AGGRESSIVE,500,138.616,150.0,0.158,17.800733333333334,17.533380952380952,19.113,3.351977777777778,2.8601428571428573,4.84,4.212,21.882,0,0.142,22.407777777777778,20.290133333333333,1.9626666666666666,0.026,0.03,0.958
2d10+4d6,9,D2_LATE,AGGRESSIVE,500,141.664,151.0,0.144,17.876255555555556,19.053461904761903,12.072429906542055,3.0740444444444446,3.3919809523809525,1.019859813084112,0.01,21.39,0,0.1,22.37528888888889,19.78172222222222,1.9611555555555555,0.04,0.042,0.946
2d10+4d6,9,D3_ROLLING,AGGRESSIVE,500,136.624,146.5,0.158,17.4577,18.677133333333334,15.7735,3.153577777777778,3.5318,2.458,2.668,21.474,0,0.11,22.399922222222223,19.6987,1.9626666666666666,0.032,0.036,0.958
2d10+4d6,9,D0_FLAT,GREEDY,500,84.762,81.0,1,25.079795238095237,25.079795238095237,,9.509157142857143,9.509157142857143,,0,30.428,0,0.722,22.489540476190477,22.14307380952381,1.954157142857143,0.466,0.47,0.514
2d10+4d6,9,D1_EARLY,GREEDY,500,79.022,78.0,1,25.131719047619047,25.036966666666668,25.152,11.325509523809524,9.485433333333333,12.322,5.53,34.802,0,0.862,22.381638095238095,22.22032380952381,1.9598666666666666,0.478,0.48,0.506
2d10+4d6,9,D2_LATE,GREEDY,500,84.732,81.0,1,25.070188095238095,25.0807,16.4375,9.50837142857143,9.5098,2.6875,0.018,30.428,0,0.722,22.490647619047618,22.13625238095238,1.9542285714285714,0.464,0.468,0.518
2d10+4d6,9,D3_ROLLING,GREEDY,500,81.484,80.0,1,25.008961904761904,25.022666666666666,25.017,10.140104761904762,9.5055,11.296333333333333,2.464,31.862,0,0.782,22.42862380952381,22.09421904761905,1.9598,0.448,0.458,0.524
1d8+3d6,6,D0_FLAT,EFFICIENT,500,78.994,80.0,0,13.165666666666667,13.165666666666667,,1,1,,0,6,8.382,0,10.321333333333333,10.321333333333333,1.5793333333333333,0.48,0.428,0.482
1d8+3d6,6,D1_EARLY,EFFICIENT,500,75.386,76.0,0,12.564333333333334,13.176,11.341,1,1,1,0,6,8.382,0,10.321333333333333,10.321333333333333,1.6136666666666666,0.7,0.78,0.164
1d8+3d6,6,D2_LATE,EFFICIENT,500,75.322,76.0,0,12.553666666666667,13.1825,11.296,1,1,1,0,6,8.382,0,10.321333333333333,10.313,1.6133333333333333,0.08,0.158,0.796
1d8+3d6,6,D0_FLAT,ADAPTIVE,500,70.292,71.0,0,11.715333333333334,11.715333333333334,,1,1,,0,6,8.382,0,10.321333333333333,10.321333333333333,1.5793333333333333,0.842,0.884,0.078
1d8+3d6,6,D1_EARLY,ADAPTIVE,500,70.252,71.0,0,11.708666666666666,12.005,11.116,1.0256666666666667,1,1.077,0.154,6.154,8.228,0,10.321333333333333,10.321333333333333,1.6136666666666666,0.844,0.884,0.082
1d8+3d6,6,D2_LATE,ADAPTIVE,500,70.292,71.0,0,11.715333333333334,11.2175,12.711,1.235,1,1.705,1.41,7.41,6.972,0,10.321333333333333,10.312333333333333,1.6133333333333333,0.842,0.884,0.078
1d8+3d6,6,D0_FLAT,AGGRESSIVE,500,89.934,90.0,0,14.989,14.989,,1.5283333333333333,1.5283333333333333,,0,9.17,5.212,0,10.321333333333333,10.318333333333333,1.5793333333333333,0.426,0.42,0.536
1d8+3d6,6,D1_EARLY,AGGRESSIVE,500,89.19,89.0,0.004,14.880966666666666,14.884666666666666,14.874,1.7028,1.4826666666666666,2.14,1.352,10.2,4.182,0,10.3249,10.315566666666667,1.6138666666666666,0.432,0.424,0.526
1d8+3d6,6,D2_LATE,AGGRESSIVE,500,89.434,89.0,0,14.905666666666667,15.0675,14.582,1.7143333333333333,1.5475,2.048,1.254,10.286,4.096,0,10.321333333333333,10.293666666666667,1.6133333333333333,0.402,0.396,0.554
1d8+3d6,6,D0_FLAT,GREEDY,500,89.474,89.0,0.024,15.0415,15.0415,,1.5714666666666666,1.5714666666666666,,0,9.264,5.128,0.006,10.319433333333333,10.3157,1.5802666666666667,0.432,0.428,0.528
1d8+3d6,6,D1_EARLY,GREEDY,500,84.942,87.0,0.148,15.139866666666666,15.02,15.111,2.0719,1.5725,2.627,2.068,10.824,3.74,0.06,10.341366666666667,10.325633333333334,1.6170666666666667,0.472,0.482,0.47
1d8+3d6,6,D2_LATE,GREEDY,500,88.924,89.0,0.03,14.9657,15.102,14.617171717171717,1.7602666666666666,1.588,2.0797979797979798,1.27,10.38,4.012,0.006,10.319433333333333,10.291633333333333,1.614,0.406,0.4,0.548
1d8+3d6,9,D0_FLAT,EFFICIENT,500,118.63,119.0,0,13.181111111111111,13.181111111111111,,1,1,,0,9,11.382,0,10.371333333333334,10.371333333333334,1.5853333333333333,0.578,0.48,0.51
1d8+3d6,9,D1_EARLY,EFFICIENT,500,115.022,115.0,0,12.780222222222223,13.191428571428572,11.341,1,1,1,0,9,11.382,0,10.371333333333334,10.371333333333334,1.6082222222222222,0.69,0.772,0.22
1d8+3d6,9,D2_LATE,EFFICIENT,500,114.84,116.0,0,12.76,13.167428571428571,11.334,1,1,1,0,9,11.382,0,10.371333333333334,10.368666666666666,1.604,0.318,0.26,0.728
1d8+3d6,9,D3_ROLLING,EFFICIENT,500,112.562,113.0,0,12.50688888888889,13.156,11.6955,1,1,1,0,9,11.382,0,10.371333333333334,10.369777777777777,1.6053333333333333,0.46,0.538,0.448
1d8+3d6,9,D0_FLAT,ADAPTIVE,500,106.114,106.0,0,11.790444444444445,11.790444444444445,,1,1,,0,9,11.382,0,10.371333333333334,10.371333333333334,1.5853333333333333,0.834,0.922,0.078
1d8+3d6,9,D1_EARLY,ADAPTIVE,500,106.1,106.0,0,11.78888888888889,12.03057142857143,10.943,1.0046666666666666,1,1.021,0.042,9.042,11.34,0,10.371333333333334,10.371333333333334,1.6082222222222222,0.834,0.924,0.076
1d8+3d6,9,D2_LATE,ADAPTIVE,500,106.112,106.0,0,11.790222222222223,11.513142857142856,12.76,1.1564444444444446,1,1.704,1.408,10.408,9.974,0,10.371333333333334,10.368444444444444,1.604,0.834,0.922,0.078
1d8+3d6,9,D3_ROLLING,ADAPTIVE,500,106.076,106.0,0,11.786222222222221,11.7816,11.792,1.0966666666666667,1,1.2175,0.87,9.87,10.512,0,10.371333333333334,10.369555555555555,1.6053333333333333,0.834,0.922,0.078
1d8+3d6,9,D0_FLAT,AGGRESSIVE,500,135.134,135.0,0,15.014888888888889,15.014888888888889,,1.5393333333333334,1.5393333333333334,,0,13.854,6.528,0,10.371333333333334,10.367555555555555,1.5853333333333333,0.52,0.454,0.534
1d8+3d6,9,D1_EARLY,AGGRESSIVE,500,134.422,135.0,0,14.935777777777778,14.920571428571428,14.989,1.6962222222222223,1.5025714285714287,2.374,1.756,15.266,5.116,0,10.371333333333334,10.360222222222221,1.6082222222222222,0.506,0.46,0.53
1d8+3d6,9,D2_LATE,AGGRESSIVE,500,134.66,135.0,0,14.962222222222222,15.006857142857143,14.806,1.6706666666666667,1.5411428571428571,2.124,1.354,15.036,5.346,0,10.371333333333334,10.357555555555555,1.604,0.51,0.442,0.542
1d8+3d6,9,D3_ROLLING,AGGRESSIVE,500,134.244,134.0,0,14.916,14.9248,14.905,1.784,1.5252,2.1075,2.546,16.056,4.326,0,10.371333333333334,10.349333333333334,1.6053333333333333,0.484,0.446,0.542
1d8+3d6,9,D0_FLAT,GREEDY,500,134.694,135.0,0.018,15.036757936507936,15.036757936507936,,1.5554563492063491,1.5554563492063491,,0,13.888,6.494,0,10.369686507936509,10.364825396825397,1.5851666666666666,0.52,0.456,0.53
1d8+3d6,9,D1_EARLY,GREEDY,500,130.176,133.0,0.124,15.080626984126985,14.9915,15.111,1.8698460317460317,1.5418,2.627,2.068,15.454,4.932,0.002,10.377581746031746,10.367396031746031,1.6114761904761905,0.514,0.48,0.508
1d8+3d6,9,D2_LATE,GREEDY,500,133.89,134.0,0.042,15.001892857142858,15.02804761904762,14.894366197183098,1.7033968253968255,1.5546190476190476,2.2183098591549295,1.474,15.142,5.24,0,10.370944444444444,10.354059523809523,1.6041587301587301,0.522,0.458,0.53
1d8+3d6,9,D3_ROLLING,GREEDY,500,131.668,133.0,0.11,15.018953174603174,14.986366666666667,15.058,1.8825888888888889,1.5641666666666667,2.273833333333333,2.778,16.226,4.156,0,10.372598412698412,10.349348412698413,1.6055166666666667,0.502,0.468,0.52
