campaign,pool,length,curve,policy,sl,freshness,ctl,base_reserve,seeds,mean_score,median_score,dnf_rate,mean_reserve_spent,mean_reserve_remaining,clamp_rate,mean_production,production_variance,production_range,costly_zone_frequency,mean_choices_available,mean_choices_payable,positive_split_rate,negative_split_rate,final_acceleration_rate
R1-A0,6d6,6,B,EFFICIENT,False,0,100,14,50,88.74,89.0,0,6,8.22,0,14.79,0.4659,5,0.0,18.87,18.74,0.3,0.28,0.34
R1-A0,6d6,6,B,ADAPTIVE,False,0,100,14,50,98.32,98.0,0,10.18,4.04,0,16.386666666666667,3.2171555555555558,10,0.0,18.87,18.66,0.96,0.04,0.94
R1-A0,6d6,6,B,GREEDY,False,0,100,14,50,83.84,78.0,0.8,16.94,0.1,0.36,20.2512077294686,15.550421246703541,19,0.324,18.889333333333333,18.550333333333334,0.46,0.52,0.5
R1-A0,6d6,9,B,EFFICIENT,False,0,100,20,50,133.24,134.0,0,9,11.22,0,14.804444444444444,0.4595358024691358,5,0.0,18.895555555555553,18.835555555555555,0.36,0.32,0.56
R1-A0,6d6,9,B,ADAPTIVE,False,0,100,20,50,146.5,147.0,0,15.88,4.34,0,16.27777777777778,2.5695061728395063,10,0.0,18.895555555555553,18.735555555555557,0.92,0.08,0.96
R1-A0,6d6,9,B,GREEDY,False,0,100,20,50,108.84,114.0,0.96,21.2,0.02,0.14,20.081180811808117,15.565365395351371,19,0.3352380952380952,18.93556349206349,18.391968253968255,0.4,0.52,0.42
R1-A0,4d8+1d6,6,B,EFFICIENT,False,0,100,14,50,87.56,89.0,0,6,8.02,0,14.593333333333334,1.0279555555555555,7,0.0,16.683333333333334,16.51,0.34,0.34,0.48
R1-A0,4d8+1d6,6,B,ADAPTIVE,False,0,100,14,50,99.34,100.0,0,9.98,4.04,0,16.55666666666667,4.640122222222222,13,0.0,16.683333333333334,16.44,0.9,0.08,0.9
R1-A0,4d8+1d6,6,B,GREEDY,False,0,100,14,50,83.92,79.5,0.82,18.22,0.1,0.42,20.076555023923444,20.855383347450836,21,0.36966666666666664,16.806333333333335,16.364333333333335,0.46,0.5,0.48
R1-A0,4d8+1d6,9,B,EFFICIENT,False,0,100,20,50,131.64,132.0,0,9,11.02,0,14.626666666666667,0.8695111111111111,7,0.0,16.557777777777776,16.442222222222224,0.46,0.36,0.62
R1-A0,4d8+1d6,9,B,ADAPTIVE,False,0,100,20,50,148.78,149.0,0,15.68,4.34,0,16.531111111111112,3.5512543209876544,13,0.0,16.557777777777776,16.346666666666668,0.92,0.08,0.88
R1-A0,4d8+1d6,9,B,GREEDY,False,0,100,20,50,105.74,102.0,0.94,22.08,0.02,0.3,20.1793893129771,18.58995687896976,21,0.3808888888888889,16.85140476190476,16.51629365079365,0.54,0.44,0.44
R1-A0,2d10+4d6,6,B,EFFICIENT,False,0,100,14,50,89.62,90.0,0,6,8.18,0,14.936666666666667,0.11265555555555555,3,0.0,22.06,21.31,0.08,0.12,0.08
R1-A0,2d10+4d6,6,B,ADAPTIVE,False,0,100,14,50,115.04,115.0,0,13,1.18,0,19.173333333333332,3.683288888888889,11,0.049999999999999996,22.06,20.963333333333335,0.86,0.14,0.84
R1-A0,2d10+4d6,6,B,GREEDY,False,0,100,14,50,76.72,76.0,1,27.1,0,0.82,24.27848101265823,28.492068578753404,23,0.644,21.976666666666667,21.810666666666666,0.42,0.54,0.42
R1-A0,2d10+4d6,9,B,EFFICIENT,False,0,100,20,50,134.24,135.0,0,9,11.18,0,14.915555555555555,0.16175802469135803,4,0.0,22.03333333333333,21.45111111111111,0.08,0.34,0.3
R1-A0,2d10+4d6,9,B,ADAPTIVE,False,0,100,20,50,171.3,170.0,0,18.98,1.2,0,19.033333333333335,3.218888888888889,12,0.035555555555555556,22.03333333333333,20.822222222222223,0.94,0.06,0.9
R1-A0,2d10+4d6,9,B,GREEDY,False,0,100,20,50,83.94,78.5,1,28.3,0,0.74,23.982857142857142,27.148277551020406,23,0.638,22.179333333333332,21.823,0.46,0.52,0.46
R1-A1_CURVES_POOLS,6d6,6,A,EFFICIENT,False,0,100,14,500,88.942,90.0,0,6,8.45,0,14.823666666666666,0.41390655555555556,6,0.0,18.964333333333332,18.915,0.21,0.224,0.286
R1-A1_CURVES_POOLS,6d6,6,A,AGGRESSIVE,False,0,100,14,500,112.35,113.0,0.004,14.342,0.108,0,18.75,13.821678905206943,17,0.123,18.966,18.000666666666667,0.182,0.79,0.152
R1-A1_CURVES_POOLS,6d6,6,A,ADAPTIVE,False,0,100,14,500,98.87,99.0,0,10.294,4.156,0,16.47833333333333,3.168197222222222,11,0.0,18.964333333333332,18.85333333333333,0.924,0.04,0.906
R1-A1_CURVES_POOLS,6d6,6,A,GREEDY,False,0,100,14,500,89.512,90.0,0.752,15.514,0.096,0.284,20.473924977127172,16.811076726302034,24,0.2814333333333333,19.1425,18.814533333333333,0.466,0.504,0.48
R1-A1_CURVES_POOLS,6d6,6,B,EFFICIENT,False,0,100,14,500,88.942,90.0,0,6,8.45,0,14.823666666666666,0.41390655555555556,6,0.0,18.964333333333332,18.841666666666665,0.21,0.224,0.286
R1-A1_CURVES_POOLS,6d6,6,B,AGGRESSIVE,False,0,100,14,500,112.094,112.0,0,14.298,0.152,0,18.682333333333332,11.836087888888889,15,0.14466666666666667,18.964333333333332,17.996333333333332,0.194,0.794,0.164
R1-A1_CURVES_POOLS,6d6,6,B,ADAPTIVE,False,0,100,14,500,98.87,99.0,0,10.294,4.156,0,16.47833333333333,3.168197222222222,11,0.0,18.964333333333332,18.776,0.924,0.04,0.906
R1-A1_CURVES_POOLS,6d6,6,B,GREEDY,False,0,100,14,500,83.88,78.0,0.804,17.89,0.098,0.434,20.488519785051295,17.066673285270497,24,0.36043333333333333,19.1155,18.796033333333334,0.47,0.502,0.496
R1-A1_CURVES_POOLS,6d6,6,C,EFFICIENT,False,0,100,14,500,88.942,90.0,0,6,8.45,0,14.823666666666666,0.41390655555555556,6,0.0,18.964333333333332,18.719,0.21,0.224,0.286
R1-A1_CURVES_POOLS,6d6,6,C,AGGRESSIVE,False,0,100,14,500,104.804,106.0,0.028,14.436,0.014,0,17.631897711978464,9.453329776885747,14,0.15496666666666667,18.955433333333332,17.5232,0.078,0.91,0.052
R1-A1_CURVES_POOLS,6d6,6,C,ADAPTIVE,False,0,100,14,500,98.87,99.0,0,11.198,3.252,0,16.47833333333333,3.168197222222222,11,0.0,18.964333333333332,18.638,0.924,0.04,0.906
R1-A1_CURVES_POOLS,6d6,6,C,GREEDY,False,0,100,14,500,74.136,70.0,0.924,24.826,0.004,0.65,20.490878938640133,17.980154506626622,24,0.4456333333333333,19.08353333333333,18.7917,0.476,0.498,0.474
R1-A1_CURVES_POOLS,6d6,9,A,EFFICIENT,False,0,100,20,500,133.492,134.0,0,9,11.45,0,14.832444444444445,0.396814024691358,6,0.0,18.965777777777777,18.962222222222223,0.286,0.3,0.42
R1-A1_CURVES_POOLS,6d6,9,A,AGGRESSIVE,False,0,100,20,500,162.422,162.0,0.002,20.418,0.032,0,18.066963292547275,15.137451401322195,23,0.11388888888888889,18.96511111111111,18.113888888888887,0.084,0.912,0.042
R1-A1_CURVES_POOLS,6d6,9,A,ADAPTIVE,False,0,100,20,500,147.342,148.0,0,16.01,4.44,0,16.371333333333332,2.517444888888889,11,0.0,18.965777777777777,18.888444444444445,0.95,0.048,0.908
R1-A1_CURVES_POOLS,6d6,9,A,GREEDY,False,0,100,20,500,122.526,122.5,0.908,20.586,0.032,0.06,20.285761589403972,16.360393294153766,24,0.26383809523809526,19.130231746031747,18.68180158730159,0.41,0.564,0.402
R1-A1_CURVES_POOLS,6d6,9,B,EFFICIENT,False,0,100,20,500,133.492,134.0,0,9,11.45,0,14.832444444444445,0.396814024691358,6,0.0,18.965777777777777,18.899555555555555,0.286,0.3,0.42
R1-A1_CURVES_POOLS,6d6,9,B,AGGRESSIVE,False,0,100,20,500,161.446,161.0,0,20.42,0.03,0,17.938444444444446,12.735988691358024,16,0.1351111111111111,18.965777777777777,18.046,0.094,0.9,0.036
R1-A1_CURVES_POOLS,6d6,9,B,ADAPTIVE,False,0,100,20,500,147.342,148.0,0,16.01,4.44,0,16.371333333333332,2.517444888888889,11,0.0,18.965777777777777,18.806444444444445,0.95,0.048,0.908
R1-A1_CURVES_POOLS,6d6,9,B,GREEDY,False,0,100,20,500,106.368,104.0,0.946,21.72,0.03,0.208,20.252856054836254,16.66873708285938,24,0.3590404761904762,19.175046825396826,18.704595238095237,0.436,0.538,0.41
R1-A1_CURVES_POOLS,6d6,9,C,EFFICIENT,False,0,100,20,500,133.492,134.0,0,9,11.45,0,14.832444444444445,0.396814024691358,6,0.0,18.965777777777777,18.762444444444444,0.286,0.3,0.42
R1-A1_CURVES_POOLS,6d6,9,C,AGGRESSIVE,False,0,100,20,500,151.89,153.0,0.014,20.45,0,0,16.98993288590604,9.652471360148942,15,0.13684444444444444,18.963466666666665,17.6685,0.03,0.97,0
R1-A1_CURVES_POOLS,6d6,9,C,ADAPTIVE,False,0,100,20,500,147.342,148.0,0,16.972,3.478,0,16.371333333333332,2.517444888888889,11,0.0,18.965777777777777,18.636444444444443,0.95,0.048,0.908
R1-A1_CURVES_POOLS,6d6,9,C,GREEDY,False,0,100,20,500,86.316,75.5,0.998,27.27,0,0.512,20.376770538243626,16.715456614958256,24,0.44982619047619044,19.171057142857144,18.78742777777778,0.474,0.504,0.458
R1-A1_CURVES_POOLS,4d8+1d6,6,A,EFFICIENT,False,0,100,14,500,87.872,89.0,0,6,8.376,0,14.645333333333333,0.8015448888888889,9,0.0,16.754,16.667666666666666,0.36,0.334,0.452
R1-A1_CURVES_POOLS,4d8+1d6,6,A,AGGRESSIVE,False,0,100,14,500,110.932,111.5,0.006,14.294,0.082,0,18.52571810287241,15.602711992678298,20,0.12683333333333333,16.7465,15.788,0.13,0.844,0.122
R1-A1_CURVES_POOLS,4d8+1d6,6,A,ADAPTIVE,False,0,100,14,500,100.31,101.0,0,10.304,4.072,0,16.718333333333334,4.126330555555556,15,0.0,16.754,16.596,0.894,0.078,0.876
R1-A1_CURVES_POOLS,4d8+1d6,6,A,GREEDY,False,0,100,14,500,84.91,81.5,0.844,16.294,0.062,0.418,20.862407862407863,22.42627724888167,30,0.33466666666666667,16.8757,16.564966666666667,0.496,0.48,0.502
R1-A1_CURVES_POOLS,4d8+1d6,6,B,EFFICIENT,False,0,100,14,500,87.872,89.0,0,6,8.376,0,14.645333333333333,0.8015448888888889,9,0.0,16.754,16.576,0.36,0.334,0.452
R1-A1_CURVES_POOLS,4d8+1d6,6,B,AGGRESSIVE,False,0,100,14,500,110.732,111.0,0.01,14.174,0.202,0,18.517056856187292,13.200210735897809,19,0.15766666666666665,16.7495,15.821666666666667,0.168,0.812,0.154
R1-A1_CURVES_POOLS,4d8+1d6,6,B,ADAPTIVE,False,0,100,14,500,100.31,101.0,0,10.304,4.072,0,16.718333333333334,4.126330555555556,15,0.0,16.754,16.506333333333334,0.894,0.078,0.876
R1-A1_CURVES_POOLS,4d8+1d6,6,B,GREEDY,False,0,100,14,500,78.922,74.0,0.892,19.366,0.086,0.564,20.989893617021277,22.76532339293798,28,0.4175,16.9035,16.6385,0.48,0.486,0.512
R1-A1_CURVES_POOLS,4d8+1d6,6,C,EFFICIENT,False,0,100,14,500,87.872,89.0,0,6,8.376,0,14.645333333333333,0.8015448888888889,9,0.0,16.754,16.438666666666666,0.36,0.334,0.452
R1-A1_CURVES_POOLS,4d8+1d6,6,C,AGGRESSIVE,False,0,100,14,500,103.292,105.0,0.048,14.364,0.034,0.004,17.53684210526316,10.387861674559915,18,0.158,16.731333333333332,15.4545,0.082,0.902,0.074
R1-A1_CURVES_POOLS,4d8+1d6,6,C,ADAPTIVE,False,0,100,14,500,100.284,101.0,0,11.256,3.12,0,16.714,4.107537333333333,15,0.0,16.754,16.357333333333333,0.894,0.078,0.876
R1-A1_CURVES_POOLS,4d8+1d6,6,C,GREEDY,False,0,100,14,500,72.25,70.0,0.94,27.962,0.018,0.756,21.0887332165791,23.500591098120243,28,0.48683333333333334,16.8593,16.6706,0.506,0.46,0.502
R1-A1_CURVES_POOLS,4d8+1d6,9,A,EFFICIENT,False,0,100,20,500,131.728,132.0,0,9,11.376,0,14.636444444444445,0.8398273580246913,9,0.0,16.726222222222223,16.716666666666665,0.446,0.452,0.594
R1-A1_CURVES_POOLS,4d8+1d6,9,A,AGGRESSIVE,False,0,100,20,500,160.118,160.0,0.004,20.36,0.016,0,17.818606721566884,17.397098704223684,30,0.11562222222222221,16.72577777777778,15.870533333333332,0.08,0.92,0.028
R1-A1_CURVES_POOLS,4d8+1d6,9,A,ADAPTIVE,False,0,100,20,500,149.364,150.0,0,15.954,4.422,0,16.596,3.519895111111111,15,0.0,16.726222222222223,16.618444444444446,0.894,0.096,0.868
R1-A1_CURVES_POOLS,4d8+1d6,9,A,GREEDY,False,0,100,20,500,113.638,111.0,0.954,20.838,0.012,0.102,20.601522842639593,21.41445743439482,30,0.3117007936507937,16.851860317460318,16.366099206349208,0.402,0.572,0.398
R1-A1_CURVES_POOLS,4d8+1d6,9,B,EFFICIENT,False,0,100,20,500,131.728,132.0,0,9,11.376,0,14.636444444444445,0.8398273580246913,9,0.0,16.726222222222223,16.624444444444446,0.446,0.452,0.594
R1-A1_CURVES_POOLS,4d8+1d6,9,B,AGGRESSIVE,False,0,100,20,500,159.568,160.0,0,20.33,0.046,0,17.729777777777777,14.16653550617284,19,0.13844444444444443,16.726222222222223,15.799111111111111,0.076,0.922,0.038
R1-A1_CURVES_POOLS,4d8+1d6,9,B,ADAPTIVE,False,0,100,20,500,149.364,150.0,0,15.954,4.422,0,16.596,3.519895111111111,15,0.0,16.726222222222223,16.51022222222222,0.894,0.096,0.868
R1-A1_CURVES_POOLS,4d8+1d6,9,B,GREEDY,False,0,100,20,500,99.624,90.5,0.972,22.526,0.016,0.288,20.566473988439306,21.5395531328907,30,0.3978507936507936,16.909938095238097,16.450999206349206,0.45,0.526,0.418
R1-A1_CURVES_POOLS,4d8+1d6,9,C,EFFICIENT,False,0,100,20,500,131.728,132.0,0,9,11.376,0,14.636444444444445,0.8398273580246913,9,0.0,16.726222222222223,16.448,0.446,0.452,0.594
R1-A1_CURVES_POOLS,4d8+1d6,9,C,AGGRESSIVE,False,0,100,20,500,149.642,152.0,0.03,20.378,0.002,0.002,16.893429668096637,10.765793362687202,18,0.13683333333333333,16.715222222222224,15.488366666666666,0.054,0.942,0.024
R1-A1_CURVES_POOLS,4d8+1d6,9,C,ADAPTIVE,False,0,100,20,500,149.326,150.0,0,16.978,3.398,0,16.59177777777778,3.500687950617284,15,0.0,16.726222222222223,16.325333333333333,0.894,0.096,0.868
R1-A1_CURVES_POOLS,4d8+1d6,9,C,GREEDY,False,0,100,20,500,80.442,73.0,0.998,29.694,0,0.616,20.894025974025976,22.539418856468206,28,0.4912714285714286,16.929073015873016,16.639094444444446,0.484,0.49,0.482
R1-A1_CURVES_POOLS,2d10+4d6,6,A,EFFICIENT,False,0,100,14,500,89.546,90.0,0,6,8.398,0,14.924333333333333,0.15194122222222223,6,0.0,22.188333333333333,21.765666666666668,0.118,0.134,0.158
R1-A1_CURVES_POOLS,2d10+4d6,6,A,AGGRESSIVE,False,0,100,14,500,106.464,108.0,0.072,14.506,0,0.02,18.261406518010293,17.260654625480672,19,0.17456666666666665,22.146566666666665,19.795,0.01,0.99,0.012
R1-A1_CURVES_POOLS,2d10+4d6,6,A,ADAPTIVE,False,0,100,14,500,115.786,116.0,0,12.924,1.474,0,19.297666666666668,3.8403945555555556,15,0.005999999999999999,22.188333333333333,21.340666666666667,0.904,0.076,0.892
R1-A1_CURVES_POOLS,2d10+4d6,6,A,GREEDY,False,0,100,14,500,79.506,79.0,0.996,22.282,0,0.83,24.814606741573034,29.06488027605942,30,0.6108666666666667,22.3923,22.197166666666668,0.484,0.504,0.484
R1-A1_CURVES_POOLS,2d10+4d6,6,B,EFFICIENT,False,0,100,14,500,89.546,90.0,0,6,8.398,0,14.924333333333333,0.15194122222222223,6,0.0,22.188333333333333,21.440333333333335,0.118,0.134,0.158
R1-A1_CURVES_POOLS,2d10+4d6,6,B,AGGRESSIVE,False,0,100,14,500,108.344,110.0,0.058,14.396,0.002,0,18.413324269204622,13.944730689546967,15,0.18083333333333332,22.175666666666668,19.740833333333335,0.012,0.986,0.012
R1-A1_CURVES_POOLS,2d10+4d6,6,B,ADAPTIVE,False,0,100,14,500,115.72,116.0,0,13.188,1.21,0,19.286666666666665,3.759822222222222,15,0.05433333333333333,22.188333333333333,21.113666666666667,0.904,0.076,0.892
R1-A1_CURVES_POOLS,2d10+4d6,6,B,GREEDY,False,0,100,14,500,78.276,78.0,0.992,28.992,0,0.89,24.86531130876747,29.239800506644666,30,0.6841333333333333,22.3515,22.199266666666666,0.488,0.492,0.49
R1-A1_CURVES_POOLS,2d10+4d6,6,C,EFFICIENT,False,0,100,14,500,89.546,90.0,0,6,8.398,0,14.924333333333333,0.15194122222222223,6,0.0,22.188333333333333,21.092333333333332,0.118,0.134,0.158
R1-A1_CURVES_POOLS,2d10+4d6,6,C,AGGRESSIVE,False,0,100,14,500,99.336,104.0,0.138,14.954,0,0.042,17.662873399715505,10.197867703744771,19,0.21823333333333333,22.132066666666667,19.457166666666666,0.024,0.974,0.022
R1-A1_CURVES_POOLS,2d10+4d6,6,C,ADAPTIVE,False,0,100,14,500,108.752,108.0,0,14.318,0.08,0,18.125333333333334,2.8309582222222223,13,0.0006666666666666666,22.188333333333333,19.981,0.23,0.68,0.164
R1-A1_CURVES_POOLS,2d10+4d6,6,C,GREEDY,False,0,100,14,500,76.21,76.0,0.998,44.848,0,0.958,25.036136662286467,28.977012144266915,30,0.7473,22.285733333333333,22.236233333333335,0.492,0.494,0.492
R1-A1_CURVES_POOLS,2d10+4d6,9,A,EFFICIENT,False,0,100,20,500,134.262,135.0,0,9,11.398,0,14.918,0.171276,6,0.0,22.19488888888889,22.153777777777776,0.156,0.234,0.266
R1-A1_CURVES_POOLS,2d10+4d6,9,A,AGGRESSIVE,False,0,100,20,500,154.92,158.0,0.044,20.452,0,0.01,17.63259731390849,20.636697487969112,31,0.1384,22.176366666666667,19.886244444444444,0.014,0.982,0.014
R1-A1_CURVES_POOLS,2d10+4d6,9,A,ADAPTIVE,False,0,100,20,500,172.388,173.0,0,18.878,1.52,0,19.154222222222224,3.259771061728395,15,0.005333333333333333,22.19488888888889,21.47888888888889,0.922,0.074,0.878
R1-A1_CURVES_POOLS,2d10+4d6,9,A,GREEDY,False,0,100,20,500,89.876,87.0,1,24.002,0,0.538,24.19924609585353,29.742745796733544,30,0.5921452380952381,22.485195238095237,21.959138095238096,0.432,0.548,0.422
R1-A1_CURVES_POOLS,2d10+4d6,9,B,EFFICIENT,False,0,100,20,500,134.262,135.0,0,9,11.398,0,14.918,0.171276,6,0.0,22.19488888888889,21.707333333333334,0.156,0.234,0.266
R1-A1_CURVES_POOLS,2d10+4d6,9,B,AGGRESSIVE,False,0,100,20,500,155.802,158.0,0.03,20.398,0,0,17.54922279792746,13.815047267099088,16,0.14215555555555554,22.191255555555557,19.69611111111111,0.004,0.996,0
R1-A1_CURVES_POOLS,2d10+4d6,9,B,ADAPTIVE,False,0,100,20,500,172.288,173.0,0,19.112,1.286,0,19.14311111111111,3.1746303209876543,14,0.03711111111111111,22.19488888888889,21.050444444444445,0.922,0.074,0.876
R1-A1_CURVES_POOLS,2d10+4d6,9,B,GREEDY,False,0,100,20,500,82.612,80.0,1,29.878,0,0.77,24.61620977353993,29.174516742645835,30,0.6870380952380952,22.442269047619046,22.167538095238097,0.488,0.494,0.476
R1-A1_CURVES_POOLS,2d10+4d6,9,C,EFFICIENT,False,0,100,20,500,134.262,135.0,0,9,11.398,0,14.918,0.171276,6,0.0,22.19488888888889,21.03977777777778,0.156,0.234,0.266
R1-A1_CURVES_POOLS,2d10+4d6,9,C,AGGRESSIVE,False,0,100,20,500,141.018,149.0,0.124,20.878,0,0.036,16.811874105865524,10.421213321298975,19,0.16743333333333332,22.1154,19.253722222222223,0.038,0.958,0.044
R1-A1_CURVES_POOLS,2d10+4d6,9,C,ADAPTIVE,False,0,100,20,500,160.428,161.0,0.036,20.392,0.006,0,17.896921017402946,2.3298477264703616,12,0.0,22.18788888888889,19.77138888888889,0.132,0.86,0.034
R1-A1_CURVES_POOLS,2d10+4d6,9,C,GREEDY,False,0,100,20,500,78.402,78.0,1,45.234,0,0.904,24.810759493670886,29.62558043582759,30,0.7465333333333333,22.362433333333332,22.182433333333332,0.482,0.504,0.486
R1-A1_CURVES_POOLS,1d8+3d6,6,A,EFFICIENT,False,0,100,14,500,78.994,80.0,0,6,8.212,0,13.165666666666667,4.076221222222222,11,0.0,10.321333333333333,10.321333333333333,0.428,0.482,0.48
R1-A1_CURVES_POOLS,1d8+3d6,6,A,AGGRESSIVE,False,0,100,14,500,90.114,90.0,0,9.148,5.064,0,15.019,14.070639,22,0.008666666666666666,10.321333333333333,10.320666666666666,0.422,0.532,0.426
R1-A1_CURVES_POOLS,1d8+3d6,6,A,ADAPTIVE,False,0,100,14,500,70.482,71.0,0,6,8.212,0,11.747,2.760324333333333,11,0.0,10.321333333333333,10.321333333333333,0.872,0.08,0.842
R1-A1_CURVES_POOLS,1d8+3d6,6,A,GREEDY,False,0,100,14,500,90.08,90.0,0.004,9.154,5.058,0,15.023348899266178,14.068834415293985,22,0.009133333333333334,10.322733333333334,10.322066666666666,0.422,0.532,0.426
R1-A1_CURVES_POOLS,1d8+3d6,6,B,EFFICIENT,False,0,100,14,500,78.994,80.0,0,6,8.212,0,13.165666666666667,4.076221222222222,11,0.0,10.321333333333333,10.321,0.428,0.482,0.48
R1-A1_CURVES_POOLS,1d8+3d6,6,B,AGGRESSIVE,False,0,100,14,500,89.968,90.0,0,9.184,5.028,0,14.994666666666667,13.793971555555556,21,0.01633333333333333,10.321333333333333,10.318666666666667,0.418,0.534,0.428
R1-A1_CURVES_POOLS,1d8+3d6,6,B,ADAPTIVE,False,0,100,14,500,70.482,71.0,0,6,8.212,0,11.747,2.760324333333333,11,0.0,10.321333333333333,10.321,0.872,0.08,0.842
R1-A1_CURVES_POOLS,1d8+3d6,6,B,GREEDY,False,0,100,14,500,89.708,89.0,0.016,9.292,4.922,0.002,15.016404419149648,14.021491859210467,22,0.020566666666666667,10.32,10.317833333333333,0.426,0.528,0.438
R1-A1_CURVES_POOLS,1d8+3d6,6,C,EFFICIENT,False,0,100,14,500,78.994,80.0,0,6,8.212,0,13.165666666666667,4.076221222222222,11,0.0,10.321333333333333,10.318333333333333,0.428,0.482,0.48
R1-A1_CURVES_POOLS,1d8+3d6,6,C,AGGRESSIVE,False,0,100,14,500,89.6,89.0,0,10.188,4.024,0,14.933333333333334,13.092222222222222,19,0.029333333333333333,10.321333333333333,10.31,0.41,0.546,0.426
R1-A1_CURVES_POOLS,1d8+3d6,6,C,ADAPTIVE,False,0,100,14,500,70.482,71.0,0,6,8.212,0,11.747,2.760324333333333,11,0.0,10.321333333333333,10.318333333333333,0.872,0.08,0.842
R1-A1_CURVES_POOLS,1d8+3d6,6,C,GREEDY,False,0,100,14,500,88.078,88.0,0.058,10.472,3.802,0.016,14.974158449506971,13.656591649834251,22,0.04293333333333333,10.3097,10.294533333333334,0.424,0.532,0.438
R1-A1_CURVES_POOLS,1d8+3d6,9,A,EFFICIENT,False,0,100,20,500,118.63,119.0,0,9,11.212,0,13.181111111111111,4.083420987654321,11,0.0,10.371333333333334,10.371333333333334,0.48,0.51,0.578
R1-A1_CURVES_POOLS,1d8+3d6,9,A,AGGRESSIVE,False,0,100,20,500,135.344,135.0,0,13.738,6.474,0,15.038222222222222,13.996316839506173,22,0.008666666666666666,10.371333333333334,10.370666666666667,0.464,0.524,0.524
R1-A1_CURVES_POOLS,1d8+3d6,9,A,ADAPTIVE,False,0,100,20,500,106.186,106.0,0,9,11.212,0,11.798444444444444,2.634708691358025,11,0.0,10.371333333333334,10.371333333333334,0.922,0.074,0.832
R1-A1_CURVES_POOLS,1d8+3d6,9,A,GREEDY,False,0,100,20,500,135.3,135.0,0.004,13.744,6.468,0,15.040017785682526,14.021964606175443,22,0.008972222222222222,10.371138888888888,10.370694444444444,0.464,0.524,0.526
R1-A1_CURVES_POOLS,1d8+3d6,9,B,EFFICIENT,False,0,100,20,500,118.63,119.0,0,9,11.212,0,13.181111111111111,4.083420987654321,11,0.0,10.371333333333334,10.371333333333334,0.48,0.51,0.578
R1-A1_CURVES_POOLS,1d8+3d6,9,B,AGGRESSIVE,False,0,100,20,500,135.204,135.0,0,13.91,6.302,0,15.022666666666666,13.855041777777778,22,0.017555555555555553,10.371333333333334,10.368444444444444,0.462,0.526,0.524
R1-A1_CURVES_POOLS,1d8+3d6,9,B,ADAPTIVE,False,0,100,20,500,106.186,106.0,0,9,11.212,0,11.798444444444444,2.634708691358025,11,0.0,10.371333333333334,10.371333333333334,0.922,0.074,0.832
R1-A1_CURVES_POOLS,1d8+3d6,9,B,GREEDY,False,0,100,20,500,134.962,135.0,0.014,13.942,6.27,0,15.029175946547884,13.948146536971542,22,0.018523809523809522,10.369424603174604,10.366797619047619,0.466,0.522,0.522
R1-A1_CURVES_POOLS,1d8+3d6,9,C,EFFICIENT,False,0,100,20,500,118.63,119.0,0,9,11.212,0,13.181111111111111,4.083420987654321,11,0.0,10.371333333333334,10.37,0.48,0.51,0.578
R1-A1_CURVES_POOLS,1d8+3d6,9,C,AGGRESSIVE,False,0,100,20,500,134.552,135.0,0,15.512,4.7,0,14.950222222222223,13.201077728395061,20,0.03266666666666666,10.371333333333334,10.357777777777779,0.452,0.538,0.514
R1-A1_CURVES_POOLS,1d8+3d6,9,C,ADAPTIVE,False,0,100,20,500,106.186,106.0,0,9,11.212,0,11.798444444444444,2.634708691358025,11,0.0,10.371333333333334,10.37,0.922,0.074,0.832
R1-A1_CURVES_POOLS,1d8+3d6,9,C,GREEDY,False,0,100,20,500,132.22,133.0,0.084,15.694,4.524,0.004,15.00794551645857,13.57791643744017,22,0.041996031746031746,10.365386507936508,10.354164285714285,0.46,0.528,0.53
R1-A1_CURVES_POOLS,1d12+1d8+4d6,6,A,EFFICIENT,False,0,100,14,500,89.44,90.0,0,6,8.354,0,14.906666666666666,0.19462222222222222,6,0.0,22.195666666666668,21.741333333333333,0.154,0.156,0.202
R1-A1_CURVES_POOLS,1d12+1d8+4d6,6,A,AGGRESSIVE,False,0,100,14,500,106.56,108.0,0.072,14.394,0,0.008,18.234086242299796,17.145066738626607,17,0.1728333333333333,22.148666666666667,19.6915,0.014,0.984,0.01
R1-A1_CURVES_POOLS,1d12+1d8+4d6,6,A,ADAPTIVE,False,0,100,14,500,115.638,116.0,0,12.916,1.438,0,19.273,4.001137666666667,15,0.01,22.195666666666668,21.305666666666667,0.892,0.082,0.872
R1-A1_CURVES_POOLS,1d12+1d8+4d6,6,A,GREEDY,False,0,100,14,500,79.054,79.0,0.998,21.848,0,0.828,24.68894440974391,30.69524941664739,31,0.5981666666666666,22.272966666666665,22.0743,0.496,0.488,0.506
R1-A1_CURVES_POOLS,1d12+1d8+4d6,6,B,EFFICIENT,False,0,100,14,500,89.44,90.0,0,6,8.354,0,14.906666666666666,0.19462222222222222,6,0.0,22.195666666666668,21.408,0.154,0.156,0.202
R1-A1_CURVES_POOLS,1d12+1d8+4d6,6,B,AGGRESSIVE,False,0,100,14,500,108.018,111.0,0.062,14.352,0.002,0,18.37665872745832,14.029274851549385,15,0.18539999999999998,22.149466666666665,19.6443,0.02,0.98,0.01
R1-A1_CURVES_POOLS,1d12+1d8+4d6,6,B,ADAPTIVE,False,0,100,14,500,115.512,116.0,0,13.084,1.27,0,19.252,3.850496,15,0.047999999999999994,22.195666666666668,21.068666666666665,0.89,0.082,0.87
R1-A1_CURVES_POOLS,1d12+1d8+4d6,6,B,GREEDY,False,0,100,14,500,77.986,77.0,0.99,28.426,0,0.89,24.72606214331008,30.871058240906756,31,0.6674666666666667,22.2496,22.076766666666668,0.486,0.494,0.49
R1-A1_CURVES_POOLS,1d12+1d8+4d6,6,C,EFFICIENT,False,0,100,14,500,89.44,90.0,0,6,8.354,0,14.906666666666666,0.19462222222222222,6,0.0,22.195666666666668,21.05,0.154,0.156,0.202
R1-A1_CURVES_POOLS,1d12+1d8+4d6,6,C,AGGRESSIVE,False,0,100,14,500,99.512,104.0,0.136,14.982,0.002,0.044,17.656493967352734,10.275190262738626,19,0.21633333333333332,22.111833333333333,19.372166666666665,0.03,0.966,0.026
R1-A1_CURVES_POOLS,1d12+1d8+4d6,6,C,ADAPTIVE,False,0,100,14,500,108.582,108.0,0,14.296,0.058,0,18.097,3.007591,13,0.0029999999999999996,22.195666666666668,19.909333333333333,0.236,0.66,0.162
R1-A1_CURVES_POOLS,1d12+1d8+4d6,6,C,GREEDY,False,0,100,14,500,76.066,76.0,0.998,43.878,0,0.95,24.85816993464052,30.908642402494767,31,0.7245,22.1933,22.1064,0.49,0.488,0.49
R1-A1_CURVES_POOLS,1d12+1d8+4d6,9,A,EFFICIENT,False,0,100,20,500,134.144,135.0,0,9,11.354,0,14.90488888888889,0.21673165432098765,7,0.0,22.245333333333335,22.189333333333334,0.204,0.224,0.318
R1-A1_CURVES_POOLS,1d12+1d8+4d6,9,A,AGGRESSIVE,False,0,100,20,500,154.178,158.0,0.052,20.39,0,0.008,17.632433668801465,20.782781542946925,32,0.13806666666666667,22.22098888888889,19.904966666666667,0.01,0.986,0.008
R1-A1_CURVES_POOLS,1d12+1d8+4d6,9,A,ADAPTIVE,False,0,100,20,500,172.322,173.0,0,18.908,1.446,0,19.14688888888889,3.3804236543209876,16,0.004888888888888889,22.245333333333335,21.51688888888889,0.922,0.068,0.896
R1-A1_CURVES_POOLS,1d12+1d8+4d6,9,A,GREEDY,False,0,100,20,500,89.872,87.0,1,23.644,0,0.518,24.14615797958087,30.697606141619563,31,0.5788857142857142,22.440257142857142,21.899516666666667,0.43,0.542,0.424
R1-A1_CURVES_POOLS,1d12+1d8+4d6,9,B,EFFICIENT,False,0,100,20,500,134.144,135.0,0,9,11.354,0,14.90488888888889,0.21673165432098765,7,0.0,22.245333333333335,21.731555555555556,0.204,0.224,0.318
R1-A1_CURVES_POOLS,1d12+1d8+4d6,9,B,AGGRESSIVE,False,0,100,20,500,155.446,158.0,0.034,20.354,0,0,17.53677797833935,13.886282759370642,17,0.146,22.226588888888887,19.689355555555554,0.006,0.994,0.004
R1-A1_CURVES_POOLS,1d12+1d8+4d6,9,B,ADAPTIVE,False,0,100,20,500,172.228,172.0,0,19.18,1.174,0,19.136444444444443,3.3018273580246915,15,0.04044444444444444,22.245333333333335,21.07422222222222,0.922,0.068,0.896
R1-A1_CURVES_POOLS,1d12+1d8+4d6,9,B,GREEDY,False,0,100,20,500,82.4,80.0,1,29.316,0,0.75,24.465558194774346,30.79988264566325,31,0.6674285714285714,22.3364,22.030957142857144,0.488,0.494,0.48
R1-A1_CURVES_POOLS,1d12+1d8+4d6,9,C,EFFICIENT,False,0,100,20,500,134.144,135.0,0,9,11.354,0,14.90488888888889,0.21673165432098765,7,0.0,22.245333333333335,21.053555555555555,0.204,0.224,0.318
R1-A1_CURVES_POOLS,1d12+1d8+4d6,9,C,AGGRESSIVE,False,0,100,20,500,141.202,149.0,0.122,20.772,0,0.028,16.809761904761906,10.395952324263039,20,0.16614444444444443,22.141066666666667,19.245922222222223,0.034,0.962,0.034
R1-A1_CURVES_POOLS,1d12+1d8+4d6,9,C,ADAPTIVE,False,0,100,20,500,160.476,161.0,0.026,20.352,0.002,0,17.882326721640293,2.4292107218689716,14,0.0004444444444444444,22.247055555555555,19.77477777777778,0.138,0.854,0.042
R1-A1_CURVES_POOLS,1d12+1d8+4d6,9,C,GREEDY,False,0,100,20,500,78.062,77.0,1,44.294,0,0.9,24.703164556962026,30.941635555199486,31,0.7277333333333333,22.274166666666666,22.079466666666665,0.482,0.494,0.486
R1-A1_SL,6d6,6,B,EFFICIENT,True,0,100,14,500,88.942,90.0,0,6,9.096,0,14.823666666666666,0.41390655555555556,6,0.0,18.964333333333332,18.858,0.21,0.224,0.286
R1-A1_SL,6d6,6,B,AGGRESSIVE,True,0,100,14,500,113.268,113.0,0,14.836,0.26,0,18.878,11.736449333333333,16,0.16199999999999998,18.964333333333332,18.061666666666667,0.226,0.75,0.196
R1-A1_SL,6d6,6,B,ADAPTIVE,True,0,100,14,500,100.14,101.0,0,10.372,4.724,0,16.69,3.024566666666667,11,0.0,18.964333333333332,18.799,0.912,0.048,0.9
R1-A1_SL,6d6,6,B,GREEDY,True,0,100,14,500,86.266,79.0,0.752,18.282,0.184,0.43,20.44218009478673,17.086467285101413,24,0.3604,19.138833333333334,18.784533333333332,0.474,0.498,0.472
R1-A1_SL,6d6,9,B,EFFICIENT,True,0,100,20,500,133.492,134.0,0,9,12.096,0,14.832444444444445,0.396814024691358,6,0.0,18.965777777777777,18.915111111111113,0.286,0.3,0.42
R1-A1_SL,6d6,9,B,AGGRESSIVE,True,0,100,20,500,162.608,162.0,0,21.032,0.064,0,18.067555555555554,12.90743624691358,16,0.14488888888888887,18.965777777777777,18.069777777777777,0.108,0.884,0.052
R1-A1_SL,6d6,9,B,ADAPTIVE,True,0,100,20,500,148.942,149.0,0,16.102,4.994,0,16.54911111111111,2.4551436543209877,11,0.0,18.965777777777777,18.820888888888888,0.95,0.046,0.908
R1-A1_SL,6d6,9,B,GREEDY,True,0,100,20,500,109.224,105.5,0.928,22.272,0.056,0.2,20.24916573971079,16.56157234813287,24,0.35855714285714285,19.198574603174603,18.706335714285714,0.424,0.55,0.4
R1-A1_SL,4d8+1d6,6,B,EFFICIENT,True,0,100,14,500,87.872,89.0,0,6,8.998,0,14.645333333333333,0.8015448888888889,9,0.0,16.754,16.591333333333335,0.36,0.334,0.452
R1-A1_SL,4d8+1d6,6,B,AGGRESSIVE,True,0,100,14,500,112.226,112.0,0,14.738,0.26,0,18.704333333333334,13.20224788888889,19,0.16999999999999998,16.754,15.875666666666667,0.202,0.776,0.19
R1-A1_SL,4d8+1d6,6,B,ADAPTIVE,True,0,100,14,500,101.082,101.0,0,10.406,4.592,0,16.847,4.267591,15,0.0,16.754,16.524333333333335,0.896,0.078,0.874
R1-A1_SL,4d8+1d6,6,B,GREEDY,True,0,100,14,500,81.186,75.0,0.856,19.714,0.13,0.554,20.97829457364341,22.38609218196022,28,0.41673333333333334,16.926933333333334,16.651233333333334,0.504,0.47,0.528
R1-A1_SL,4d8+1d6,9,B,EFFICIENT,True,0,100,20,500,131.728,132.0,0,9,11.998,0,14.636444444444445,0.8398273580246913,9,0.0,16.726222222222223,16.648444444444443,0.446,0.452,0.594
R1-A1_SL,4d8+1d6,9,B,AGGRESSIVE,True,0,100,20,500,160.79,160.0,0,20.952,0.046,0,17.865555555555556,14.365258024691357,20,0.14822222222222223,16.726222222222223,15.807333333333334,0.086,0.912,0.042
R1-A1_SL,4d8+1d6,9,B,ADAPTIVE,True,0,100,20,500,150.476,151.0,0,16.056,4.942,0,16.719555555555555,3.6466842469135803,15,0.0,16.726222222222223,16.531111111111112,0.89,0.1,0.874
R1-A1_SL,4d8+1d6,9,B,GREEDY,True,0,100,20,500,101.974,93.0,0.956,23.076,0.026,0.284,20.60080808080808,21.312969043975105,30,0.3987849206349206,16.918892063492063,16.48683650793651,0.45,0.528,0.412
R1-A1_SL,2d10+4d6,6,B,EFFICIENT,True,0,100,14,500,89.546,90.0,0,6,9.006,0,14.924333333333333,0.15194122222222223,6,0.0,22.188333333333333,21.480333333333334,0.118,0.134,0.158
R1-A1_SL,2d10+4d6,6,B,AGGRESSIVE,True,0,100,14,500,111.476,112.0,0,15.006,0,0,18.579333333333334,13.920372888888888,16,0.18433333333333332,22.188333333333333,19.72833333333333,0.026,0.972,0.022
R1-A1_SL,2d10+4d6,6,B,ADAPTIVE,True,0,100,14,500,117.402,117.0,0,13.616,1.39,0,19.567,3.9108443333333334,15,0.07066666666666667,22.188333333333333,21.167666666666666,0.908,0.076,0.896
R1-A1_SL,2d10+4d6,6,B,GREEDY,True,0,100,14,500,78.714,78.0,0.994,29.15,0,0.87,24.862286797220467,29.105482325833268,30,0.6895,22.366833333333332,22.218866666666667,0.49,0.494,0.488
R1-A1_SL,2d10+4d6,9,B,EFFICIENT,True,0,100,20,500,134.262,135.0,0,9,12.006,0,14.918,0.171276,6,0.0,22.19488888888889,21.79888888888889,0.156,0.234,0.266
R1-A1_SL,2d10+4d6,9,B,AGGRESSIVE,True,0,100,20,500,158.768,158.0,0,21.006,0,0,17.640888888888888,13.998594765432099,16,0.14444444444444443,22.19488888888889,19.679333333333332,0.006,0.992,0
R1-A1_SL,2d10+4d6,9,B,ADAPTIVE,True,0,100,20,500,174.216,174.0,0,19.55,1.456,0,19.357333333333333,3.3452017777777776,15,0.048888888888888885,22.19488888888889,21.122444444444444,0.92,0.074,0.882
R1-A1_SL,2d10+4d6,9,B,GREEDY,True,0,100,20,500,83.956,81.0,1,30.158,0,0.726,24.49124854142357,29.806516177433696,30,0.6844857142857143,22.441288095238097,22.114085714285714,0.464,0.514,0.468
R1-A1_SL,1d8+3d6,6,B,EFFICIENT,True,0,100,14,500,78.994,80.0,0,6,8.964,0,13.165666666666667,4.076221222222222,11,0.0,10.321333333333333,10.321333333333333,0.428,0.482,0.48
R1-A1_SL,1d8+3d6,6,B,AGGRESSIVE,True,0,100,14,500,89.99,90.0,0,9.2,5.764,0,14.998333333333333,13.836330555555556,21,0.016999999999999998,10.321333333333333,10.319,0.418,0.534,0.428
R1-A1_SL,1d8+3d6,6,B,ADAPTIVE,True,0,100,14,500,71.082,72.0,0,6,8.964,0,11.847,2.7729243333333335,11,0.0,10.321333333333333,10.321333333333333,0.868,0.092,0.828
R1-A1_SL,1d8+3d6,6,B,GREEDY,True,0,100,14,500,89.748,89.5,0.014,9.3,5.666,0.002,15.018072289156626,14.035148626635054,22,0.020833333333333332,10.321466666666666,10.319633333333334,0.428,0.526,0.438
R1-A1_SL,1d8+3d6,9,B,EFFICIENT,True,0,100,20,500,118.63,119.0,0,9,11.964,0,13.181111111111111,4.083420987654321,11,0.0,10.371333333333334,10.371333333333334,0.48,0.51,0.578
R1-A1_SL,1d8+3d6,9,B,AGGRESSIVE,True,0,100,20,500,135.204,135.0,0,13.922,7.042,0,15.022666666666666,13.871486222222222,22,0.017777777777777778,10.371333333333334,10.368666666666666,0.462,0.526,0.524
R1-A1_SL,1d8+3d6,9,B,ADAPTIVE,True,0,100,20,500,106.978,107.0,0,9,11.964,0,11.886444444444445,2.6397718024691357,11,0.0,10.371333333333334,10.371333333333334,0.914,0.084,0.822
R1-A1_SL,1d8+3d6,9,B,GREEDY,True,0,100,20,500,134.98,135.0,0.014,13.962,7.002,0,15.031180400890868,13.970519987500062,22,0.018773809523809522,10.368563492063492,10.366222222222222,0.466,0.522,0.524
R1-A1_SL,1d12+1d8+4d6,6,B,EFFICIENT,True,0,100,14,500,89.44,90.0,0,6,8.994,0,14.906666666666666,0.19462222222222222,6,0.0,22.195666666666668,21.456666666666667,0.154,0.156,0.202
R1-A1_SL,1d12+1d8+4d6,6,B,AGGRESSIVE,True,0,100,14,500,111.348,112.0,0,14.992,0.002,0,18.558,13.995302666666667,15,0.188,22.195666666666668,19.672,0.036,0.96,0.026
R1-A1_SL,1d12+1d8+4d6,6,B,ADAPTIVE,True,0,100,14,500,117.396,117.0,0,13.56,1.434,0,19.566,4.022310666666667,15,0.06633333333333333,22.195666666666668,21.133,0.896,0.08,0.876
R1-A1_SL,1d12+1d8+4d6,6,B,GREEDY,True,0,100,14,500,78.396,78.0,0.994,28.596,0,0.87,24.730599369085173,30.68893749564629,31,0.6734666666666667,22.265933333333333,22.0998,0.488,0.492,0.5
R1-A1_SL,1d12+1d8+4d6,9,B,EFFICIENT,True,0,100,20,500,134.144,135.0,0,9,11.994,0,14.90488888888889,0.21673165432098765,7,0.0,22.245333333333335,21.844444444444445,0.204,0.224,0.318
R1-A1_SL,1d12+1d8+4d6,9,B,AGGRESSIVE,True,0,100,20,500,158.446,158.0,0,20.994,0,0,17.60511111111111,14.080284987654322,17,0.14866666666666667,22.245333333333335,19.683777777777777,0.004,0.996,0
R1-A1_SL,1d12+1d8+4d6,9,B,ADAPTIVE,True,0,100,20,500,174.23,174.0,0,19.616,1.378,0,19.358888888888888,3.4678654320987654,16,0.05222222222222222,22.245333333333335,21.15,0.92,0.072,0.902
R1-A1_SL,1d12+1d8+4d6,9,B,GREEDY,True,0,100,20,500,84.112,82.0,1,29.644,0,0.712,24.337962962962962,31.229531035665296,31,0.6645833333333333,22.366866666666667,21.980919047619047,0.466,0.512,0.466
R1-A1_FRESHNESS,6d6,6,B,EFFICIENT,False,3,100,14,500,88.942,90.0,0,6,11.45,0,14.823666666666666,0.41390655555555556,6,0.0,18.964333333333332,18.895,0.21,0.224,0.286
R1-A1_FRESHNESS,6d6,6,B,AGGRESSIVE,False,3,100,14,500,115.04,115.0,0,16.932,0.518,0,19.173333333333332,12.683288888888889,16,0.19966666666666666,18.964333333333332,18.193,0.248,0.734,0.254
R1-A1_FRESHNESS,6d6,6,B,ADAPTIVE,False,3,100,14,500,101.438,102.0,0,10.294,7.156,0,16.906333333333333,4.032226555555556,11,0.0,18.964333333333332,18.850666666666665,0.914,0.048,0.878
R1-A1_FRESHNESS,6d6,6,B,GREEDY,False,3,100,14,500,91.24,93.0,0.666,19.304,0.412,0.384,20.512589928057555,16.543006961337404,24,0.36583333333333334,19.149933333333333,18.8528,0.496,0.486,0.492
R1-A1_FRESHNESS,6d6,9,B,EFFICIENT,False,3,100,20,500,133.492,134.0,0,9,14.45,0,14.832444444444445,0.396814024691358,6,0.0,18.965777777777777,18.953333333333333,0.286,0.3,0.42
R1-A1_FRESHNESS,6d6,9,B,AGGRESSIVE,False,3,100,20,500,164.928,164.0,0,23.304,0.146,0,18.325333333333333,13.812824888888889,17,0.16355555555555554,18.965777777777777,18.11488888888889,0.142,0.854,0.072
R1-A1_FRESHNESS,6d6,9,B,ADAPTIVE,False,3,100,20,500,151.65,152.0,0,16.03,7.42,0,16.85,3.1381666666666668,11,0.0,18.965777777777777,18.876,0.952,0.042,0.888
R1-A1_FRESHNESS,6d6,9,B,GREEDY,False,3,100,20,500,120.084,119.0,0.856,24.052,0.134,0.134,20.27760891590679,15.772983948370355,24,0.3415761904761905,19.16530873015873,18.718344444444444,0.434,0.554,0.386
R1-A1_FRESHNESS,4d8+1d6,6,B,EFFICIENT,False,3,100,14,500,87.872,89.0,0,6,11.376,0,14.645333333333333,0.8015448888888889,9,0.0,16.754,16.644333333333332,0.36,0.334,0.452
R1-A1_FRESHNESS,4d8+1d6,6,B,AGGRESSIVE,False,3,100,14,500,114.17,114.0,0,16.95,0.426,0,19.028333333333332,14.306197222222222,19,0.2053333333333333,16.754,15.942,0.22,0.748,0.218
R1-A1_FRESHNESS,4d8+1d6,6,B,ADAPTIVE,False,3,100,14,500,102.88,103.0,0,10.308,7.068,0,17.14666666666667,5.293822222222222,15,0.0,16.754,16.586333333333332,0.9,0.072,0.86
R1-A1_FRESHNESS,4d8+1d6,6,B,GREEDY,False,3,100,14,500,86.458,79.0,0.75,20.576,0.248,0.488,20.86341698841699,22.067735042336878,28,0.413,16.911066666666667,16.594333333333335,0.486,0.48,0.484
R1-A1_FRESHNESS,4d8+1d6,9,B,EFFICIENT,False,3,100,20,500,131.728,132.0,0,9,14.376,0,14.636444444444445,0.8398273580246913,9,0.0,16.726222222222223,16.703555555555557,0.446,0.452,0.594
R1-A1_FRESHNESS,4d8+1d6,9,B,AGGRESSIVE,False,3,100,20,500,163.134,163.0,0,23.28,0.096,0,18.126,15.375901777777777,20,0.1611111111111111,16.726222222222223,15.85511111111111,0.112,0.886,0.054
R1-A1_FRESHNESS,4d8+1d6,9,B,ADAPTIVE,False,3,100,20,500,153.386,154.0,0,15.972,7.404,0,17.04288888888889,4.4597160987654325,16,0.0,16.726222222222223,16.596666666666668,0.938,0.06,0.858
R1-A1_FRESHNESS,4d8+1d6,9,B,GREEDY,False,3,100,20,500,109.472,106.0,0.926,24.69,0.064,0.202,20.60843373493976,20.912940920307737,30,0.39436984126984126,16.885034920634922,16.43210238095238,0.428,0.534,0.386
R1-A1_FRESHNESS,2d10+4d6,6,B,EFFICIENT,False,3,100,14,500,89.546,90.0,0,6,11.398,0,14.924333333333333,0.15194122222222223,6,0.0,22.188333333333333,21.652333333333335,0.118,0.134,0.158
R1-A1_FRESHNESS,2d10+4d6,6,B,AGGRESSIVE,False,3,100,14,500,111.746,113.0,0.03,17.392,0.006,0,18.812457912457912,15.436545137117527,16,0.21083333333333332,22.179,19.763166666666667,0.018,0.976,0.018
R1-A1_FRESHNESS,2d10+4d6,6,B,ADAPTIVE,False,3,100,14,500,119.664,120.0,0,15.372,2.026,0,19.944,5.376197333333334,15,0.14033333333333334,22.188333333333333,21.306,0.914,0.064,0.884
R1-A1_FRESHNESS,2d10+4d6,6,B,GREEDY,False,3,100,14,500,80.216,79.0,0.986,29.37,0.006,0.848,24.74275138803208,29.27805510722355,30,0.6862666666666667,22.3953,22.186033333333334,0.482,0.5,0.482
R1-A1_FRESHNESS,2d10+4d6,9,B,EFFICIENT,False,3,100,20,500,134.262,135.0,0,9,14.398,0,14.918,0.171276,6,0.0,22.19488888888889,22.090444444444444,0.156,0.234,0.266
R1-A1_FRESHNESS,2d10+4d6,9,B,AGGRESSIVE,False,3,100,20,500,158.158,159.0,0.024,23.398,0,0,17.75858971479901,15.520656623267222,17,0.16228888888888887,22.1838,19.69662222222222,0.006,0.994,0
R1-A1_FRESHNESS,2d10+4d6,9,B,ADAPTIVE,False,3,100,20,500,178.254,179.0,0,21.298,2.1,0,19.806,4.425252888888889,15,0.0951111111111111,22.19488888888889,21.392,0.948,0.05,0.876
R1-A1_FRESHNESS,2d10+4d6,9,B,GREEDY,False,3,100,20,500,86.678,83.0,1,30.692,0,0.65,24.347752808988766,29.676258995076378,30,0.67735,22.47649285714286,22.04559523809524,0.45,0.536,0.45
R1-A1_FRESHNESS,1d8+3d6,6,B,EFFICIENT,False,3,100,14,500,78.994,80.0,0,6,11.212,0,13.165666666666667,4.076221222222222,11,0.0,10.321333333333333,10.321333333333333,0.428,0.482,0.48
R1-A1_FRESHNESS,1d8+3d6,6,B,AGGRESSIVE,False,3,100,14,500,90.092,90.0,0,9.318,7.894,0,15.015333333333333,14.027098222222222,22,0.01933333333333333,10.321333333333333,10.319666666666667,0.422,0.532,0.426
R1-A1_FRESHNESS,1d8+3d6,6,B,ADAPTIVE,False,3,100,14,500,71.592,72.0,0,6,11.212,0,11.932,3.151376,11,0.0,10.321333333333333,10.321333333333333,0.886,0.076,0.806
R1-A1_FRESHNESS,1d8+3d6,6,B,GREEDY,False,3,100,14,500,90.046,90.0,0.004,9.348,7.864,0,15.02268935602269,14.056208583179998,22,0.020233333333333332,10.323633333333333,10.321966666666667,0.422,0.532,0.426
R1-A1_FRESHNESS,1d8+3d6,9,B,EFFICIENT,False,3,100,20,500,118.63,119.0,0,9,14.212,0,13.181111111111111,4.083420987654321,11,0.0,10.371333333333334,10.371333333333334,0.48,0.51,0.578
R1-A1_FRESHNESS,1d8+3d6,9,B,AGGRESSIVE,False,3,100,20,500,135.336,135.0,0,14.02,9.192,0,15.037333333333333,13.992828444444445,22,0.01911111111111111,10.371333333333334,10.370444444444445,0.464,0.524,0.522
R1-A1_FRESHNESS,1d8+3d6,9,B,ADAPTIVE,False,3,100,20,500,107.908,108.0,0,9,14.212,0,11.989777777777778,2.8883399506172838,11,0.0,10.371333333333334,10.371333333333334,0.918,0.076,0.804
R1-A1_FRESHNESS,1d8+3d6,9,B,GREEDY,False,3,100,20,500,135.292,135.0,0.004,14.02,9.192,0,15.039128501556247,14.004249307186772,22,0.019166666666666665,10.370194444444444,10.369972222222222,0.464,0.524,0.526
R1-A1_FRESHNESS,1d12+1d8+4d6,6,B,EFFICIENT,False,3,100,14,500,89.44,90.0,0,6,11.354,0,14.906666666666666,0.19462222222222222,6,0.0,22.195666666666668,21.633,0.154,0.156,0.202
R1-A1_FRESHNESS,1d12+1d8+4d6,6,B,AGGRESSIVE,False,3,100,14,500,111.486,113.0,0.034,17.352,0.002,0,18.787664307381192,15.586190938203623,16,0.21639999999999998,22.1888,19.6988,0.024,0.964,0.02
R1-A1_FRESHNESS,1d12+1d8+4d6,6,B,ADAPTIVE,False,3,100,14,500,119.69,120.0,0,15.408,1.946,0,19.948333333333334,5.576330555555556,15,0.13933333333333334,22.195666666666668,21.274666666666665,0.922,0.062,0.872
R1-A1_FRESHNESS,1d12+1d8+4d6,6,B,GREEDY,False,3,100,14,500,79.77,79.0,0.984,28.804,0,0.85,24.62037037037037,30.85773319615912,31,0.6708666666666666,22.291366666666665,22.0652,0.484,0.492,0.492
R1-A1_FRESHNESS,1d12+1d8+4d6,9,B,EFFICIENT,False,3,100,20,500,134.144,135.0,0,9,14.354,0,14.90488888888889,0.21673165432098765,7,0.0,22.245333333333335,22.122222222222224,0.204,0.224,0.318
R1-A1_FRESHNESS,1d12+1d8+4d6,9,B,AGGRESSIVE,False,3,100,20,500,158.06,159.0,0.026,23.354,0,0,17.767535971223023,15.563766230720459,18,0.1604,22.232233333333333,19.703,0.004,0.996,0.004
R1-A1_FRESHNESS,1d12+1d8+4d6,9,B,ADAPTIVE,False,3,100,20,500,178.116,179.0,0,21.326,2.028,0,19.790666666666667,4.540624,16,0.09777777777777777,22.245333333333335,21.41288888888889,0.94,0.056,0.89
R1-A1_FRESHNESS,1d12+1d8+4d6,9,B,GREEDY,False,3,100,20,500,86.504,83.0,1,30.178,0,0.636,24.244394618834082,30.88982283979167,31,0.6602666666666667,22.37789523809524,21.937166666666666,0.46,0.522,0.444
