form_mode,pool,length,policy,sl,seeds,mean_score,median_score,dnf_rate,clamp_rate,mean_final_form,mean_final_reserve,low_signal_frequency,pearson_signal_raw_sum,spearman_signal_raw_sum,pearson_signal_max_production,spearman_signal_max_production,pearson_signal_chosen_production,spearman_signal_chosen_production,pearson_final_form_score,spearman_final_form_score,pearson_final_form_reserve,spearman_final_form_reserve,mean_plausible_count_margin_05,mean_plausible_count_margin_10,mean_plausible_count_margin_20,mean_available_production_count,mean_payable_production_count
SUM,6d6,6,ADAPTIVE,False,500,98.87,99.0,0,0,0.45,14.45,0.21533333333333332,0.930563782346419,0.9292264850108021,0.930563782346419,0.9292264850108021,0.6211882300566208,0.6320421467598063,0.708770719961401,0.7071007721135956,1.0,1.0,1,1.959,3.836,18.964333333333332,18.776
SUM,6d6,6,ADAPTIVE,True,500,100.14,101.0,0,0,1.096,15.096,0.21533333333333332,0.930563782346419,0.9292264850108021,0.930563782346419,0.9292264850108021,0.5418354426892029,0.547449141459658,0.4534863012773645,0.4844571536109649,1.0,1.0,1,1.959,3.836,18.964333333333332,18.799
SUM,6d6,6,EFFICIENT,False,500,88.942,90.0,0,0,0.45,14.45,0.21533333333333332,0.930563782346419,0.9292264850108021,0.930563782346419,0.9292264850108021,0.2310186501929831,0.23302743533288084,0.11676072071713833,0.0998290287793298,1.0,1.0,1,1.959,3.836,18.964333333333332,18.841666666666665
SUM,6d6,6,EFFICIENT,True,500,88.942,90.0,0,0,1.096,15.096,0.21533333333333332,0.930563782346419,0.9292264850108021,0.930563782346419,0.9292264850108021,0.2310186501929831,0.23302743533288084,0.0008988931749219728,-0.005485702273313491,1.0,1.0,1,1.959,3.836,18.964333333333332,18.858
SUM,6d6,6,GREEDY,False,500,83.88,78.0,0.804,0.434,0.45,17.988,0.21533333333333332,0.930563782346419,0.9292264850108021,0.930563782346419,0.9292264850108021,0.930563782346419,0.9292264850108021,-0.5261215916109712,-0.5141351415919339,0.8314623625253702,0.9349149626197195,1,1.9555446995603323,3.8304836345872006,18.948216902784562,18.560820713238886
SUM,6d6,6,GREEDY,True,500,86.266,79.0,0.752,0.43,1.096,18.466,0.21533333333333332,0.930563782346419,0.9292264850108021,0.930563782346419,0.9292264850108021,0.930563782346419,0.9292264850108021,-0.7114077606701898,-0.7333884033686704,0.8793157808993513,0.9604517587816253,1,1.9559241706161137,3.8308056872037914,18.958767772511848,18.529857819905214
SUM,6d6,9,ADAPTIVE,False,500,147.342,148.0,0,0,0.45,20.45,0.21533333333333332,0.930563782346419,0.9292264850108021,0.930563782346419,0.9292264850108021,0.6395429610632377,0.6523906159701444,0.7368154730021119,0.7298905351082304,1.0,1.0,1,1.9575555555555555,3.838888888888889,18.965777777777777,18.806444444444445
SUM,6d6,9,ADAPTIVE,True,500,148.942,149.0,0,0,1.096,21.096,0.21533333333333332,0.930563782346419,0.9292264850108021,0.930563782346419,0.9292264850108021,0.5971593477978858,0.6200055576585264,0.4818301998001545,0.47523849872042384,1.0,1.0,1,1.9575555555555555,3.838888888888889,18.965777777777777,18.820888888888888
SUM,6d6,9,EFFICIENT,False,500,133.492,134.0,0,0,0.45,20.45,0.21533333333333332,0.930563782346419,0.9292264850108021,0.930563782346419,0.9292264850108021,0.2310186501929831,0.23302743533288084,0.12276668591626119,0.07589269449477323,1.0,1.0,1,1.9575555555555555,3.838888888888889,18.965777777777777,18.899555555555555
SUM,6d6,9,EFFICIENT,True,500,133.492,134.0,0,0,1.096,21.096,0.21533333333333332,0.930563782346419,0.9292264850108021,0.930563782346419,0.9292264850108021,0.2310186501929831,0.23302743533288084,0.002315639570130087,-0.021437689245047114,1.0,1.0,1,1.9575555555555555,3.838888888888889,18.965777777777777,18.915111111111113
SUM,6d6,9,GREEDY,False,500,106.368,104.0,0.946,0.208,0.45,21.75,0.21533333333333332,0.930563782346419,0.9292264850108021,0.930563782346419,0.9292264850108021,0.930563782346419,0.9292264850108021,-0.5898766808110949,-0.6058560019677544,0.7941503837429315,0.9766879937611483,1,1.9577303884234578,3.833968012185834,18.94973343488195,18.431454683929932
SUM,6d6,9,GREEDY,True,500,109.224,105.5,0.928,0.2,1.096,22.328,0.21533333333333332,0.930563782346419,0.9292264850108021,0.930563782346419,0.9292264850108021,0.930563782346419,0.9292264850108021,-0.7394539549858336,-0.7705708995528762,0.8091462276971724,0.9855381072764686,1,1.9573600296625882,3.8346310715609935,18.95921394141639,18.4256581386726
SUM,4d8+1d6,6,ADAPTIVE,False,500,100.31,101.0,0,0,0.376,14.376,0.20733333333333334,0.9243041436421344,0.9196045223080875,0.9243041436421344,0.9196045223080875,0.5731965101599433,0.5792625811134646,0.5977556061968212,0.6112554665451223,1.0,1.0,1,1.8666666666666667,3.505333333333333,16.754,16.506333333333334
SUM,4d8+1d6,6,ADAPTIVE,True,500,101.082,101.0,0,0,0.998,14.998,0.20733333333333334,0.9243041436421344,0.9196045223080875,0.9243041436421344,0.9196045223080875,0.5725906256801906,0.5746343293824777,0.44437356171768994,0.4591292348664433,1.0,1.0,1,1.8666666666666667,3.505333333333333,16.754,16.524333333333335
SUM,4d8+1d6,6,EFFICIENT,False,500,87.872,89.0,0,0,0.376,14.376,0.20733333333333334,0.9243041436421344,0.9196045223080875,0.9243041436421344,0.9196045223080875,0.25634073088455683,0.21904908787852326,0.08564254470633038,0.09173246665523448,1.0,1.0,1,1.8666666666666667,3.505333333333333,16.754,16.576
SUM,4d8+1d6,6,EFFICIENT,True,500,87.872,89.0,0,0,0.998,14.998,0.20733333333333334,0.9243041436421344,0.9196045223080875,0.9243041436421344,0.9196045223080875,0.25634073088455683,0.21904908787852326,-0.023971601888303433,-0.017403957250921212,1.0,1.0,1,1.8666666666666667,3.505333333333333,16.754,16.591333333333335
SUM,4d8+1d6,6,GREEDY,False,500,78.922,74.0,0.892,0.564,0.376,19.452,0.20733333333333334,0.9243041436421344,0.9196045223080875,0.9243041436421344,0.9196045223080875,0.9243041436421344,0.9196045223080875,-0.31144181799548304,-0.26601280671344474,0.8520470927122294,0.9123963598657071,1,1.8670212765957446,3.5106382978723403,16.83244680851064,16.485106382978724
SUM,4d8+1d6,6,GREEDY,True,500,81.186,75.0,0.856,0.554,0.998,19.844,0.20733333333333334,0.9243041436421344,0.9196045223080875,0.9243041436421344,0.9196045223080875,0.9243041436421344,0.9196045223080875,-0.5041242302681679,-0.54845910866773,0.876772740185639,0.9304894239892165,1,1.8666666666666667,3.5121447028423773,16.836692506459947,16.47906976744186
SUM,4d8+1d6,9,ADAPTIVE,False,500,149.364,150.0,0,0,0.376,20.376,0.20733333333333334,0.9243041436421344,0.9196045223080875,0.9243041436421344,0.9196045223080875,0.6011252166895495,0.6193606597638124,0.549905523972327,0.5621369944399501,1.0,1.0,1,1.8673333333333333,3.506,16.726222222222223,16.51022222222222
SUM,4d8+1d6,9,ADAPTIVE,True,500,150.476,151.0,0,0,0.998,20.998,0.20733333333333334,0.9243041436421344,0.9196045223080875,0.9243041436421344,0.9196045223080875,0.5736492336249945,0.5753372951506501,0.3522804447759542,0.3550039615482806,1.0,1.0,1,1.8673333333333333,3.506,16.726222222222223,16.531111111111112
SUM,4d8+1d6,9,EFFICIENT,False,500,131.728,132.0,0,0,0.376,20.376,0.20733333333333334,0.9243041436421344,0.9196045223080875,0.9243041436421344,0.9196045223080875,0.25634073088455683,0.21904908787852326,0.06869124442981264,0.08821186163029059,1.0,1.0,1,1.8673333333333333,3.506,16.726222222222223,16.624444444444446
SUM,4d8+1d6,9,EFFICIENT,True,500,131.728,132.0,0,0,0.998,20.998,0.20733333333333334,0.9243041436421344,0.9196045223080875,0.9243041436421344,0.9196045223080875,0.25634073088455683,0.21904908787852326,-0.033551995571100106,-0.02132670689718181,1.0,1.0,1,1.8673333333333333,3.506,16.726222222222223,16.648444444444443
SUM,4d8+1d6,9,GREEDY,False,500,99.624,90.5,0.972,0.288,0.376,22.542,0.20733333333333334,0.9243041436421344,0.9196045223080875,0.9243041436421344,0.9196045223080875,0.9243041436421344,0.9196045223080875,-0.5511435336384551,-0.5589035000538611,0.8001626018864556,0.9615816378638944,1,1.8633360858794386,3.514037985136251,16.76713459950454,16.23492981007432
SUM,4d8+1d6,9,GREEDY,True,500,101.974,93.0,0.956,0.284,0.998,23.102,0.20733333333333334,0.9243041436421344,0.9196045223080875,0.9243041436421344,0.9196045223080875,0.9243041436421344,0.9196045223080875,-0.6513226369262647,-0.7189008974298703,0.812540338792147,0.9592935466255899,1,1.8622222222222222,3.511919191919192,16.76040404040404,16.265858585858584
SUM,2d10+4d6,6,ADAPTIVE,False,500,115.72,116.0,0,0,0.398,14.398,0.20266666666666666,0.9211045847322971,0.9182975053961144,0.9211045847322971,0.9182975053961144,0.6297893488368402,0.654366536890728,0.7892764124677758,0.8007497298885736,1.0,1.0,1,1.958,3.8703333333333334,22.188333333333333,21.113666666666667
SUM,2d10+4d6,6,ADAPTIVE,True,500,117.402,117.0,0,0,1.006,15.006,0.20266666666666666,0.9211045847322971,0.9182975053961144,0.9211045847322971,0.9182975053961144,0.5728204120680538,0.5975834125989846,0.5783213101966654,0.641200947982789,1.0,1.0,1,1.958,3.8703333333333334,22.188333333333333,21.167666666666666
SUM,2d10+4d6,6,EFFICIENT,False,500,89.546,90.0,0,0,0.398,14.398,0.20266666666666666,0.9211045847322971,0.9182975053961144,0.9211045847322971,0.9182975053961144,0.1396278570647653,0.12171291894776681,0.13957048504457195,0.11398819772296483,1.0,1.0,1,1.958,3.8703333333333334,22.188333333333333,21.440333333333335
SUM,2d10+4d6,6,EFFICIENT,True,500,89.546,90.0,0,0,1.006,15.006,0.20266666666666666,0.9211045847322971,0.9182975053961144,0.9211045847322971,0.9182975053961144,0.1396278570647653,0.12171291894776681,0.060018493041550415,0.029814839576405665,1.0,1.0,1,1.958,3.8703333333333334,22.188333333333333,21.480333333333334
SUM,2d10+4d6,6,GREEDY,False,500,78.276,78.0,0.992,0.89,0.398,28.992,0.20266666666666666,0.9211045847322971,0.9182975053961144,0.9211045847322971,0.9182975053961144,0.9211045847322971,0.9182975053961144,0.5352199798196637,0.6271669684615199,0.7629655564679463,0.7670607145486479,1,1.954891994917408,3.864040660736976,22.24523506988564,22.025412960609913
SUM,2d10+4d6,6,GREEDY,True,500,78.714,78.0,0.994,0.87,1.006,29.15,0.20266666666666666,0.9211045847322971,0.9182975053961144,0.9211045847322971,0.9182975053961144,0.9211045847322971,0.9182975053961144,0.4552456553589019,0.4969354573798757,0.621813530618674,0.6304618927107808,1,1.9538850284270373,3.8629185091598233,22.243840808591283,22.028427037271005
SUM,2d10+4d6,9,ADAPTIVE,False,500,172.288,173.0,0,0,0.398,20.398,0.20266666666666666,0.9211045847322971,0.9182975053961144,0.9211045847322971,0.9182975053961144,0.6351205497457633,0.6740256284528884,0.7933136662913767,0.7967831146247799,1.0,1.0,1,1.9582222222222223,3.8697777777777778,22.19488888888889,21.050444444444445
SUM,2d10+4d6,9,ADAPTIVE,True,500,174.216,174.0,0,0,1.006,21.006,0.20266666666666666,0.9211045847322971,0.9182975053961144,0.9211045847322971,0.9182975053961144,0.5837524224067278,0.6333748850514729,0.6329639620877143,0.6544996036390133,1.0,1.0,1,1.9582222222222223,3.8697777777777778,22.19488888888889,21.122444444444444
SUM,2d10+4d6,9,EFFICIENT,False,500,134.262,135.0,0,0,0.398,20.398,0.20266666666666666,0.9211045847322971,0.9182975053961144,0.9211045847322971,0.9182975053961144,0.1396278570647653,0.12171291894776681,0.14820133089242155,0.14033728116153138,1.0,1.0,1,1.9582222222222223,3.8697777777777778,22.19488888888889,21.707333333333334
SUM,2d10+4d6,9,EFFICIENT,True,500,134.262,135.0,0,0,1.006,21.006,0.20266666666666666,0.9211045847322971,0.9182975053961144,0.9211045847322971,0.9182975053961144,0.1396278570647653,0.12171291894776681,0.06372200925707784,0.0487715872519586,1.0,1.0,1,1.9582222222222223,3.8697777777777778,22.19488888888889,21.79888888888889
SUM,2d10+4d6,9,GREEDY,False,500,82.612,80.0,1,0.77,0.398,29.878,0.20266666666666666,0.9211045847322971,0.9182975053961144,0.9211045847322971,0.9182975053961144,0.9211045847322971,0.9182975053961144,0.023060328453608222,0.2944283565806626,0.7468534495104453,0.7752961139890928,1,1.9541120381406436,3.862336114421931,22.24553039332539,21.840286054827175
SUM,2d10+4d6,9,GREEDY,True,500,83.956,81.0,1,0.726,1.006,30.158,0.20266666666666666,0.9211045847322971,0.9182975053961144,0.9211045847322971,0.9182975053961144,0.9211045847322971,0.9182975053961144,-0.004699647309941254,0.19141780921658533,0.6078714765727737,0.6393872557390143,1,1.953325554259043,3.8617269544924153,22.209451575262545,21.739206534422404
SUM,1d8+3d6,6,ADAPTIVE,False,500,70.482,71.0,0,0,0.212,14.212,0.25066666666666665,0.9273840007719665,0.9321397281077728,0.9273840007719665,0.9321397281077728,0.536556645283453,0.5597394688720214,0.5828325125545689,0.5852387471218553,1.0,1.0,1,1.5793333333333333,2.5126666666666666,10.321333333333333,10.321
SUM,1d8+3d6,6,ADAPTIVE,True,500,71.082,72.0,0,0,0.964,14.964,0.25066666666666665,0.9273840007719665,0.9321397281077728,0.9273840007719665,0.9321397281077728,0.48124256485990624,0.48743661324490034,0.3612207457815351,0.3498708225552599,1.0,1.0,1,1.5793333333333333,2.5126666666666666,10.321333333333333,10.321333333333333
SUM,1d8+3d6,6,EFFICIENT,False,500,78.994,80.0,0,0,0.212,14.212,0.25066666666666665,0.9273840007719665,0.9321397281077728,0.9273840007719665,0.9321397281077728,0.6413414962032296,0.6593199161239438,0.5106957607121311,0.5311330407371675,1.0,1.0,1,1.5793333333333333,2.5126666666666666,10.321333333333333,10.321
SUM,1d8+3d6,6,EFFICIENT,True,500,78.994,80.0,0,0,0.964,14.964,0.25066666666666665,0.9273840007719665,0.9321397281077728,0.9273840007719665,0.9321397281077728,0.6413414962032296,0.6593199161239438,0.2597313618593617,0.28341166961641323,1.0,1.0,1,1.5793333333333333,2.5126666666666666,10.321333333333333,10.321333333333333
SUM,1d8+3d6,6,GREEDY,False,500,89.708,89.0,0.016,0.002,0.212,14.214,0.25066666666666665,0.9273840007719665,0.9321397281077728,0.9273840007719665,0.9321397281077728,0.9273840007719665,0.9321397281077728,0.6566703217767375,0.6681687937869011,0.9995122572967416,0.9999060969258823,1,1.5801807833947104,2.513558754603281,10.323736190157348,10.321727485771678
SUM,1d8+3d6,6,GREEDY,True,500,89.748,89.5,0.014,0.002,0.964,14.966,0.25066666666666665,0.9273840007719665,0.9321397281077728,0.9273840007719665,0.9321397281077728,0.9273840007719665,0.9321397281077728,0.524641176277685,0.5287622160903171,0.9989842383680579,0.9997915103382019,1,1.5803212851405624,2.5140562248995986,10.324631860776439,10.322958500669344
SUM,1d8+3d6,9,ADAPTIVE,False,500,106.186,106.0,0,0,0.212,20.212,0.25066666666666665,0.9273840007719665,0.9321397281077728,0.9273840007719665,0.9321397281077728,0.5512518636092074,0.5802118955272211,0.47772876804927433,0.46523707445839524,1.0,1.0,1,1.5853333333333333,2.524,10.371333333333334,10.371333333333334
SUM,1d8+3d6,9,ADAPTIVE,True,500,106.978,107.0,0,0,0.964,20.964,0.25066666666666665,0.9273840007719665,0.9321397281077728,0.9273840007719665,0.9321397281077728,0.4830589247890469,0.4813968486648025,0.26436482438298436,0.24467544507164649,1.0,1.0,1,1.5853333333333333,2.524,10.371333333333334,10.371333333333334
SUM,1d8+3d6,9,EFFICIENT,False,500,118.63,119.0,0,0,0.212,20.212,0.25066666666666665,0.9273840007719665,0.9321397281077728,0.9273840007719665,0.9321397281077728,0.6413414962032296,0.6593199161239438,0.3975086254506958,0.3940523974847459,1.0,1.0,1,1.5853333333333333,2.524,10.371333333333334,10.371333333333334
SUM,1d8+3d6,9,EFFICIENT,True,500,118.63,119.0,0,0,0.964,20.964,0.25066666666666665,0.9273840007719665,0.9321397281077728,0.9273840007719665,0.9321397281077728,0.6413414962032296,0.6593199161239438,0.18388098601981573,0.18240399702392865,1.0,1.0,1,1.5853333333333333,2.524,10.371333333333334,10.371333333333334
SUM,1d8+3d6,9,GREEDY,False,500,134.962,135.0,0.014,0,0.212,20.212,0.25066666666666665,0.9273840007719665,0.9321397281077728,0.9273840007719665,0.9321397281077728,0.9273840007719665,0.9321397281077728,0.556468353604126,0.5425837476838982,1.0,1.0,1,1.5853006681514477,2.524053452115813,10.370378619153675,10.367928730512249
SUM,1d8+3d6,9,GREEDY,True,500,134.98,135.0,0.014,0,0.964,20.964,0.25066666666666665,0.9273840007719665,0.9321397281077728,0.9273840007719665,0.9321397281077728,0.9273840007719665,0.9321397281077728,0.43031578024669365,0.40969004291944056,1.0,1.0,1,1.585523385300668,2.5242761692650335,10.369933184855233,10.367706013363028
PATTERN,6d6,6,ADAPTIVE,False,500,98.974,99.0,0,0,0.69,14.69,0.15133333333333332,3.648205035069998e-05,0.004736811735069824,3.648205035069998e-05,0.004736811735069824,0.19707962915727434,0.3182734555169755,0.4775929900189839,0.5187962580010651,1.0,1.0,1,1.959,3.836,18.964333333333332,18.788666666666668
PATTERN,6d6,6,ADAPTIVE,True,500,100.026,101.0,0,0,1.144,15.144,0.15133333333333332,3.648205035069998e-05,0.004736811735069824,3.648205035069998e-05,0.004736811735069824,0.020701938589979776,0.16203888749245926,0.21002398628126706,0.26113629278719575,1.0,1.0,1,1.959,3.836,18.964333333333332,18.801666666666666
PATTERN,6d6,6,EFFICIENT,False,500,88.942,90.0,0,0,0.69,14.69,0.15133333333333332,3.648205035069998e-05,0.004736811735069824,3.648205035069998e-05,0.004736811735069824,-0.33598559591134414,-0.32662366815049176,-0.27123893885443096,-0.2370103024905734,1.0,1.0,1,1.959,3.836,18.964333333333332,18.85
PATTERN,6d6,6,EFFICIENT,True,500,88.942,90.0,0,0,1.144,15.144,0.15133333333333332,3.648205035069998e-05,0.004736811735069824,3.648205035069998e-05,0.004736811735069824,-0.33598559591134414,-0.32662366815049176,-0.32418490474846945,-0.2829222470978069,1.0,1.0,1,1.959,3.836,18.964333333333332,18.859
PATTERN,6d6,6,GREEDY,False,500,85.448,78.0,0.752,0.47,0.69,18.626,0.15133333333333332,3.648205035069998e-05,0.004736811735069824,3.648205035069998e-05,0.004736811735069824,3.648205035069998e-05,0.004736811735069824,0.033829165001188245,0.03789093446590846,0.2513361277267362,0.44203014860301143,1,1.9543488707352235,3.8289283998077845,18.970687169629986,18.590581451225372
PATTERN,6d6,6,GREEDY,True,500,86.252,78.0,0.736,0.442,1.144,18.838,0.15133333333333332,3.648205035069998e-05,0.004736811735069824,3.648205035069998e-05,0.004736811735069824,3.648205035069998e-05,0.004736811735069824,-0.04457246888338028,-0.04015946713328266,0.25381123467156425,0.49124759509106275,1,1.955672068636797,3.8322211630123926,18.982364156339372,18.622020972354623
PATTERN,6d6,9,ADAPTIVE,False,500,147.678,148.0,0,0,0.69,20.69,0.15133333333333332,3.648205035069998e-05,0.004736811735069824,3.648205035069998e-05,0.004736811735069824,0.19252975898741426,0.3343188954628176,0.5516053622440359,0.5511144046925757,1.0,1.0,1,1.9575555555555555,3.838888888888889,18.965777777777777,18.807333333333332
PATTERN,6d6,9,ADAPTIVE,True,500,148.86,149.0,0,0,1.144,21.144,0.15133333333333332,3.648205035069998e-05,0.004736811735069824,3.648205035069998e-05,0.004736811735069824,0.04931125262013628,0.24295958293605754,0.31198581328248504,0.31441835828791076,1.0,1.0,1,1.9575555555555555,3.838888888888889,18.965777777777777,18.819777777777777
PATTERN,6d6,9,EFFICIENT,False,500,133.492,134.0,0,0,0.69,20.69,0.15133333333333332,3.648205035069998e-05,0.004736811735069824,3.648205035069998e-05,0.004736811735069824,-0.33598559591134414,-0.32662366815049176,-0.29830500000235954,-0.2603004243439233,1.0,1.0,1,1.9575555555555555,3.838888888888889,18.965777777777777,18.906444444444446
PATTERN,6d6,9,EFFICIENT,True,500,133.492,134.0,0,0,1.144,21.144,0.15133333333333332,3.648205035069998e-05,0.004736811735069824,3.648205035069998e-05,0.004736811735069824,-0.33598559591134414,-0.32662366815049176,-0.3390260175590496,-0.28392462339070423,1.0,1.0,1,1.9575555555555555,3.838888888888889,18.965777777777777,18.917333333333332
PATTERN,6d6,9,GREEDY,False,500,108.492,104.0,0.918,0.242,0.69,22.326,0.15133333333333332,3.648205035069998e-05,0.004736811735069824,3.648205035069998e-05,0.004736811735069824,3.648205035069998e-05,0.004736811735069824,-0.007903408291348129,-0.006820417185242605,0.3505554224786166,0.6764985343824611,1,1.9569932685115932,3.8350785340314135,18.975317875841437,18.468960359012716
PATTERN,6d6,9,GREEDY,True,500,109.702,105.5,0.914,0.22,1.144,22.65,0.15133333333333332,3.648205035069998e-05,0.004736811735069824,3.648205035069998e-05,0.004736811735069824,3.648205035069998e-05,0.004736811735069824,-0.08304397448488413,-0.09017854244364193,0.3112469514757205,0.7006530174848085,1,1.9569573283858999,3.8359925788497216,18.962152133580705,18.51873840445269
PATTERN,4d8+1d6,6,ADAPTIVE,False,500,100.156,100.5,0,0,0.43,14.43,0.194,-0.0916433580448712,-0.09326876604694344,-0.0916433580448712,-0.09326876604694344,0.03919202590272956,0.18300516379095227,0.38852297057168256,0.4064268268731577,1.0000000000000002,1.0,1,1.8666666666666667,3.505333333333333,16.754,16.506666666666668
PATTERN,4d8+1d6,6,ADAPTIVE,True,500,100.956,101.0,0,0,1.012,15.012,0.194,-0.0916433580448712,-0.09326876604694344,-0.0916433580448712,-0.09326876604694344,0.015424330813946308,0.16441278447530264,0.25575068497381087,0.2605694261697115,1.0,1.0,1,1.8666666666666667,3.505333333333333,16.754,16.524
PATTERN,4d8+1d6,6,EFFICIENT,False,500,87.872,89.0,0,0,0.43,14.43,0.194,-0.0916433580448712,-0.09326876604694344,-0.0916433580448712,-0.09326876604694344,-0.4201240528161171,-0.43595549925364524,-0.337026515847985,-0.36800864052872084,1.0000000000000002,1.0,1,1.8666666666666667,3.505333333333333,16.754,16.577333333333332
PATTERN,4d8+1d6,6,EFFICIENT,True,500,87.872,89.0,0,0,1.012,15.012,0.194,-0.0916433580448712,-0.09326876604694344,-0.0916433580448712,-0.09326876604694344,-0.4201240528161171,-0.43595549925364524,-0.32788714746472036,-0.3446790676615578,1.0,1.0,1,1.8666666666666667,3.505333333333333,16.754,16.591666666666665
PATTERN,4d8+1d6,6,GREEDY,False,500,81.624,75.0,0.83,0.576,0.43,19.984,0.194,-0.0916433580448712,-0.09326876604694344,-0.0916433580448712,-0.09326876604694344,-0.0916433580448712,-0.09326876604694344,0.08738524364790787,0.0865383415096158,0.1126820890426149,0.22211408677477698,1,1.8656716417910448,3.512609366958312,16.825527534740093,16.4981986618631
PATTERN,4d8+1d6,6,GREEDY,True,500,82.72,75.0,0.812,0.552,1.012,20.222,0.194,-0.0916433580448712,-0.09326876604694344,-0.0916433580448712,-0.09326876604694344,-0.0916433580448712,-0.09326876604694344,0.07106648298460432,0.07459413931590608,0.06088208625507662,0.19481191359440675,1,1.8653455284552845,3.513211382113821,16.83180894308943,16.504065040650406
PATTERN,4d8+1d6,9,ADAPTIVE,False,500,149.364,150.0,0,0,0.43,20.43,0.194,-0.0916433580448712,-0.09326876604694344,-0.0916433580448712,-0.09326876604694344,0.06737718675729339,0.2589870184974273,0.4098181626028096,0.4014222342210435,1.0000000000000002,1.0,1,1.8673333333333333,3.506,16.726222222222223,16.50733333333333
PATTERN,4d8+1d6,9,ADAPTIVE,True,500,150.44,151.0,0,0,1.012,21.012,0.194,-0.0916433580448712,-0.09326876604694344,-0.0916433580448712,-0.09326876604694344,-0.0019165029685745088,0.17416433628616973,0.25110642552841955,0.2354436301688278,1.0,1.0,1,1.8673333333333333,3.506,16.726222222222223,16.52911111111111
PATTERN,4d8+1d6,9,EFFICIENT,False,500,131.728,132.0,0,0,0.43,20.43,0.194,-0.0916433580448712,-0.09326876604694344,-0.0916433580448712,-0.09326876604694344,-0.4201240528161171,-0.43595549925364524,-0.26215435138864873,-0.2689004413915396,1.0000000000000002,1.0,1,1.8673333333333333,3.506,16.726222222222223,16.630444444444443
PATTERN,4d8+1d6,9,EFFICIENT,True,500,131.728,132.0,0,0,1.012,21.012,0.194,-0.0916433580448712,-0.09326876604694344,-0.0916433580448712,-0.09326876604694344,-0.4201240528161171,-0.43595549925364524,-0.23652447126948778,-0.23323362368047967,1.0,1.0,1,1.8673333333333333,3.506,16.726222222222223,16.64688888888889
PATTERN,4d8+1d6,9,GREEDY,False,500,100.884,93.5,0.944,0.328,0.43,23.102,0.194,-0.0916433580448712,-0.09326876604694344,-0.0916433580448712,-0.09326876604694344,-0.0916433580448712,-0.09326876604694344,0.11164226566622419,0.14705477165836478,0.21192913771992686,0.5039174143151821,1,1.863580499795166,3.5141335518230234,16.782466202376074,16.309709135600166
PATTERN,4d8+1d6,9,GREEDY,True,500,102.116,94.0,0.94,0.292,1.012,23.47,0.194,-0.0916433580448712,-0.09326876604694344,-0.0916433580448712,-0.09326876604694344,-0.0916433580448712,-0.09326876604694344,0.11049394273098284,0.15374795030075106,0.13945496516376038,0.4805064331435397,1,1.8601455133387228,3.513338722716249,16.763540824575585,16.28819725141471
PATTERN,2d10+4d6,6,ADAPTIVE,False,500,115.362,116.0,0,0,0.536,14.536,0.21,-0.3242820412386455,-0.3287178406848536,-0.3242820412386455,-0.3287178406848536,0.15404022012790622,0.31113161829794556,0.6165606409294139,0.650299230791825,1.0,1.0,1,1.958,3.8703333333333334,22.188333333333333,21.107333333333333
PATTERN,2d10+4d6,6,ADAPTIVE,True,500,117.406,117.0,0,0,1.166,15.166,0.21,-0.3242820412386455,-0.3287178406848536,-0.3242820412386455,-0.3287178406848536,-0.0005853306518899447,0.18004334631901564,0.34347483031960246,0.425488993578651,1.0,1.0,1,1.958,3.8703333333333334,22.188333333333333,21.167666666666666
PATTERN,2d10+4d6,6,EFFICIENT,False,500,89.546,90.0,0,0,0.536,14.536,0.21,-0.3242820412386455,-0.3287178406848536,-0.3242820412386455,-0.3287178406848536,-0.2499898074509902,-0.24128148204476463,-0.24780011262196708,-0.20997393850432614,1.0,1.0,1,1.958,3.8703333333333334,22.188333333333333,21.44633333333333
PATTERN,2d10+4d6,6,EFFICIENT,True,500,89.546,90.0,0,0,1.166,15.166,0.21,-0.3242820412386455,-0.3287178406848536,-0.3242820412386455,-0.3287178406848536,-0.2499898074509902,-0.24128148204476463,-0.24225845816663327,-0.20917446662140382,1.0,1.0,1,1.958,3.8703333333333334,22.188333333333333,21.487333333333332
PATTERN,2d10+4d6,6,GREEDY,False,500,79.882,79.0,0.98,0.862,0.536,29.36,0.21,-0.3242820412386455,-0.3287178406848536,-0.3242820412386455,-0.3287178406848536,-0.3242820412386455,-0.3287178406848536,0.04722723812888284,-0.029906300011282964,-0.3047605573081509,-0.3121985303843284,1,1.9534739454094292,3.861042183622829,22.220843672456574,21.960918114143922
PATTERN,2d10+4d6,6,GREEDY,True,500,80.076,79.0,0.978,0.86,1.166,29.376,0.21,-0.3242820412386455,-0.3287178406848536,-0.3242820412386455,-0.3287178406848536,-0.3242820412386455,-0.3287178406848536,0.027476249444568085,-0.04093223224530274,-0.19485456615073515,-0.20482876450825618,1,1.9536464771322621,3.861557478368356,22.225587144622992,21.933868974042028
PATTERN,2d10+4d6,9,ADAPTIVE,False,500,172.098,172.0,0,0,0.536,20.536,0.21,-0.3242820412386455,-0.3287178406848536,-0.3242820412386455,-0.3287178406848536,0.1564970423705991,0.32767187826751215,0.6670746273618576,0.667412267712044,1.0,1.0,1,1.9582222222222223,3.8697777777777778,22.19488888888889,21.058444444444444
PATTERN,2d10+4d6,9,ADAPTIVE,True,500,174.406,174.0,0,0,1.166,21.166,0.21,-0.3242820412386455,-0.3287178406848536,-0.3242820412386455,-0.3287178406848536,0.007470728858911249,0.2133074350419798,0.4487541735299811,0.4708658023430448,1.0,1.0,1,1.9582222222222223,3.8697777777777778,22.19488888888889,21.13511111111111
PATTERN,2d10+4d6,9,EFFICIENT,False,500,134.262,135.0,0,0,0.536,20.536,0.21,-0.3242820412386455,-0.3287178406848536,-0.3242820412386455,-0.3287178406848536,-0.2499898074509902,-0.24128148204476463,-0.22029694194479402,-0.20049110128684577,1.0,1.0,1,1.9582222222222223,3.8697777777777778,22.19488888888889,21.730666666666668
PATTERN,2d10+4d6,9,EFFICIENT,True,500,134.262,135.0,0,0,1.166,21.166,0.21,-0.3242820412386455,-0.3287178406848536,-0.3242820412386455,-0.3287178406848536,-0.2499898074509902,-0.24128148204476463,-0.20584651415130592,-0.18683992491842832,1.0,1.0,1,1.9582222222222223,3.8697777777777778,22.19488888888889,21.822222222222223
PATTERN,2d10+4d6,9,GREEDY,False,500,84.762,81.0,1,0.722,0.536,30.428,0.21,-0.3242820412386455,-0.3287178406848536,-0.3242820412386455,-0.3287178406848536,-0.3242820412386455,-0.3287178406848536,0.20535732733389364,0.15159293173191107,-0.2644044337976202,-0.23507732955149646,1,1.954361640670133,3.8630849220103984,22.23743500866551,21.735990756787984
PATTERN,2d10+4d6,9,GREEDY,True,500,85.456,82.0,1,0.706,1.166,30.506,0.21,-0.3242820412386455,-0.3287178406848536,-0.3242820412386455,-0.3287178406848536,-0.3242820412386455,-0.3287178406848536,0.15169804170703516,0.12267854595283954,-0.1614732338407769,-0.1288486805994645,1,1.9542857142857142,3.862857142857143,22.24742857142857,21.685142857142857
PATTERN,1d8+3d6,6,ADAPTIVE,False,500,70.292,71.0,0,0,0.382,14.382,0.188,-0.16356645538080783,-0.16909273035589778,-0.16356645538080783,-0.16909273035589778,-0.00030084378909093297,0.1250902017941024,0.2036818577137002,0.20796832867702633,1.0,1.0,1,1.5793333333333333,2.5126666666666666,10.321333333333333,10.321333333333333
PATTERN,1d8+3d6,6,ADAPTIVE,True,500,70.994,72.0,0,0,0.946,14.946,0.188,-0.16356645538080783,-0.16909273035589778,-0.16356645538080783,-0.16909273035589778,-0.1327011493422526,-0.03249522480222672,0.040247917927638335,0.015444739899997693,1.0,1.0,1,1.5793333333333333,2.5126666666666666,10.321333333333333,10.321333333333333
PATTERN,1d8+3d6,6,EFFICIENT,False,500,78.994,80.0,0,0,0.382,14.382,0.188,-0.16356645538080783,-0.16909273035589778,-0.16356645538080783,-0.16909273035589778,-0.31801805980574815,-0.2584191265537952,-0.21472780629546626,-0.19982759889226143,1.0,1.0,1,1.5793333333333333,2.5126666666666666,10.321333333333333,10.321333333333333
PATTERN,1d8+3d6,6,EFFICIENT,True,500,78.994,80.0,0,0,0.946,14.946,0.188,-0.16356645538080783,-0.16909273035589778,-0.16356645538080783,-0.16909273035589778,-0.31801805980574815,-0.2584191265537952,-0.1888902753211876,-0.1858640663233495,1.0,1.0,1,1.5793333333333333,2.5126666666666666,10.321333333333333,10.321333333333333
PATTERN,1d8+3d6,6,GREEDY,False,500,89.474,89.0,0.024,0.006,0.382,14.392,0.188,-0.16356645538080783,-0.16909273035589778,-0.16356645538080783,-0.16909273035589778,-0.16356645538080783,-0.16909273035589778,-0.05868944582605617,-0.07126277309514187,0.9956000620556552,0.9974738467028103,1,1.580536912751678,2.5140939597315435,10.321140939597315,10.317785234899329
PATTERN,1d8+3d6,6,GREEDY,True,500,89.586,89.0,0.022,0.004,0.946,14.954,0.188,-0.16356645538080783,-0.16909273035589778,-0.16356645538080783,-0.16909273035589778,-0.16356645538080783,-0.16909273035589778,-0.042986653394556554,-0.06878644954610079,0.9932007751312848,0.9964651867362021,1,1.5806235333556822,2.5142474019443513,10.32249413342273,10.320482735501173
PATTERN,1d8+3d6,9,ADAPTIVE,False,500,106.114,106.0,0,0,0.382,20.382,0.188,-0.16356645538080783,-0.16909273035589778,-0.16356645538080783,-0.16909273035589778,0.018761489437917903,0.17020670966418858,0.23182080110340536,0.2383084789035827,1.0,1.0,1,1.5853333333333333,2.524,10.371333333333334,10.371333333333334
PATTERN,1d8+3d6,9,ADAPTIVE,True,500,106.94,107.0,0,0,0.946,20.946,0.188,-0.16356645538080783,-0.16909273035589778,-0.16356645538080783,-0.16909273035589778,-0.11307966477166584,0.009829978540252795,0.07945617634388238,0.06696946496508742,1.0,1.0,1,1.5853333333333333,2.524,10.371333333333334,10.371333333333334
PATTERN,1d8+3d6,9,EFFICIENT,False,500,118.63,119.0,0,0,0.382,20.382,0.188,-0.16356645538080783,-0.16909273035589778,-0.16356645538080783,-0.16909273035589778,-0.31801805980574815,-0.2584191265537952,-0.18543351567025027,-0.1690406933396665,1.0,1.0,1,1.5853333333333333,2.524,10.371333333333334,10.371333333333334
PATTERN,1d8+3d6,9,EFFICIENT,True,500,118.63,119.0,0,0,0.946,20.946,0.188,-0.16356645538080783,-0.16909273035589778,-0.16356645538080783,-0.16909273035589778,-0.31801805980574815,-0.2584191265537952,-0.163070813243923,-0.1591817371038824,1.0,1.0,1,1.5853333333333333,2.524,10.371333333333334,10.371333333333334
PATTERN,1d8+3d6,9,GREEDY,False,500,134.694,135.0,0.018,0,0.382,20.382,0.188,-0.16356645538080783,-0.16909273035589778,-0.16356645538080783,-0.16909273035589778,-0.16356645538080783,-0.16909273035589778,-0.09068104558332009,-0.101033093192879,1.0,1.0,1,1.5854529228023204,2.523873270861223,10.370593485051316,10.366131191432396
PATTERN,1d8+3d6,9,GREEDY,True,500,134.762,135.0,0.02,0,0.946,20.946,0.188,-0.16356645538080783,-0.16909273035589778,-0.16356645538080783,-0.16909273035589778,-0.16356645538080783,-0.16909273035589778,-0.05666410195006826,-0.07332901707189884,1.0,1.0,1,1.5855453937095696,2.523756413116217,10.370510818648226,10.367387909881776
