family,pool,profile,magnitude,frequency,policy,seeds,difficulty_sum,difficult_segments,max_difficulty,mean_score,median_score,dnf_rate,mean_spent,mean_reserve_remaining,mean_production,mean_p_difficult,mean_delta_p_vs_flat,median_delta_p_vs_flat,delta_p_distribution,mean_terrain_extra_cost,mean_plausible_production_count,mean_plausible_difficult,forced_like_rate,forced_like_difficult_rate,slow_rate,maintain_rate,attack_rate,mean_post_difficulty_delta_p,mean_post_difficulty_delta_reserve,final_acceleration_rate,turn_mean_production,turn_mean_reserve_remaining
PROFILES,6d6,P0,0,0,EFFICIENT,500,0,0,0,133.492,134.0,0,9,11.69,14.832444444444445,,,,{},0,1.9575555555555555,,0.042444444444444444,,,,,,,0.42,"[14.792, 14.84, 14.842, 14.798, 14.818, 14.852, 14.876, 14.826, 14.848]","["""", """", 17.69, 16.69, 15.69, 14.69, 13.69, 12.69, 11.69]"
PROFILES,6d6,P0,0,0,ADAPTIVE,500,0,0,0,147.678,148.0,0,15.984,4.706,16.408666666666665,,,,{},0,1.9575555555555555,,0.042444444444444444,,,,,,,0.906,"[14.962, 15.248, 15.874, 15.966, 16.306, 16.552, 16.996, 17.572, 18.202]","["""", """", 16.118, 14.234, 12.366, 10.44, 8.518, 6.612, 4.706]"
PROFILES,6d6,P0,0,0,AGGRESSIVE,500,0,0,0,160.396,161.0,0.014,20.612,0.098,17.981011111111112,,,,{},0,1.9577777777777778,,0.04222222222222222,,,,,,,0.058,"[20.328, 20.602, 19.69, 18.865461847389557, 17.85282258064516, 17.210526315789473, 16.156186612576064, 15.476673427991887, 15.296146044624747]","["""", """", 10.09, 7.5582329317269075, 5.475806451612903, 3.763157894736842, 2.3975659229208923, 1.2332657200811359, 0.09939148073022312]"
PROFILES,6d6,P0,0,0,GREEDY,500,0,0,0,108.492,104.0,0.918,22.24,0.086,20.910257936507936,,,,{},0,1.9531690476190475,,0.04683095238095238,,,,,,,0.414,"[20.854, 21.346, 20.868, 19.682191780821917, 19.65016501650165, 19.476190476190474, 18.662251655629138, 17.927710843373493, 18.75609756097561]","["""", """", 7.028, 6.186301369863013, 4.260726072607261, 2.779220779220779, 1.9536423841059603, 1.6144578313253013, 1.048780487804878]"
PROFILES,6d6,P1,1,4,EFFICIENT,500,4,4,1,129.78,130.0,0,9,11.69,14.42,13.901,-0.928,-1.0,"{""-3"": 5, ""-2"": 33, ""-1"": 1775, ""0"": 187}",0,1.959111111111111,1.9655,0.040888888888888884,0.0345,0.9065,0.0935,0.0,0,0,0.41,"[14.792, 13.914, 14.842, 13.88, 14.818, 13.904, 14.876, 13.906, 14.848]","["""", """", 17.69, 16.69, 15.69, 14.69, 13.69, 12.69, 11.69]"
PROFILES,6d6,P1,1,4,ADAPTIVE,500,4,4,1,146.976,147.0,0,16.418,4.272,16.330666666666666,16.231,-0.1035,0.0,"{""-2"": 10, ""-1"": 187, ""0"": 1803}",0.438,1.959111111111111,1.9655,0.040888888888888884,0.0345,0.0985,0.9015,0.0,-0.072,-0.3915,0.908,"[14.962, 15.248, 15.864, 15.912, 16.176, 16.386, 16.88, 17.378, 18.17]","["""", """", 15.768, 13.854, 11.986, 10.036, 8.116, 6.178, 4.272]"
PROFILES,6d6,P1,1,4,AGGRESSIVE,500,4,4,1,155.478,156.0,0.026,20.72,0.04,17.577266666666667,17.347,-0.7791348600508906,-1,"{""-8"": 28, ""-7"": 39, ""-6"": 20, ""-5"": 8, ""-4"": 11, ""-3"": 33, ""-2"": 119, ""-1"": 786, ""0"": 863, ""1"": 1, ""2"": 1, ""3"": 4, ""4"": 4, ""5"": 27, ""6"": 20, ""7"": 1}",1.946,1.9597777777777778,1.967,0.04022222222222222,0.033,0.5312977099236641,0.4391857506361323,0.029516539440203562,-0.24974515800203873,-0.2624872579001019,0.042,"[20.328, 20.332, 19.57, 18.106854838709676, 17.488843813387422, 16.18032786885246, 15.856262833675565, 14.453798767967145, 15.121149897330595]","["""", """", 9.558, 7.026209677419355, 5.178498985801217, 3.5225409836065573, 2.260780287474333, 1.1170431211498972, 0.04106776180698152]"
PROFILES,6d6,P1,1,4,GREEDY,500,4,4,1,101.39,97.5,0.942,22.704,0.036,20.871035714285714,20.9915,-0.31780055917986955,0,"{""-9"": 1, ""-8"": 6, ""-7"": 8, ""-6"": 3, ""-4"": 1, ""-3"": 21, ""-2"": 51, ""-1"": 84, ""0"": 888, ""2"": 1, ""3"": 3, ""4"": 1, ""5"": 3, ""6"": 1, ""7"": 1}",2.018,1.958265873015873,1.9693333333333334,0.041734126984126985,0.030666666666666665,0.16309412861137,0.8275862068965517,0.009319664492078284,-0.29431438127090304,-0.7714604236343366,0.406,"[20.854, 21.346, 20.868, 19.385964912280702, 19.312727272727273, 19.04639175257732, 18.229357798165136, 17.362068965517242, 18.310344827586206]","["""", """", 6.35, 5.380116959064328, 3.7563636363636363, 2.195876288659794, 1.7889908256880733, 1.3103448275862069, 0.6206896551724138]"
PROFILES,6d6,P2,2,2,EFFICIENT,500,4,2,2,129.662,130.0,0,9,11.69,14.406888888888888,12.932,-1.915,-2.0,"{""-4"": 1, ""-3"": 21, ""-2"": 911, ""-1"": 26, ""0"": 41}",0,1.9624444444444444,1.979,0.03755555555555555,0.021,0.959,0.041,0.0,0,0,0.926,"[14.792, 14.84, 12.92, 14.798, 14.818, 12.944, 14.876, 14.826, 14.848]","["""", """", 17.69, 16.69, 15.69, 14.69, 13.69, 12.69, 11.69]"
PROFILES,6d6,P2,2,2,ADAPTIVE,500,4,2,2,147.588,148.0,0,16.078,4.612,16.398666666666667,16.205,-0.008,0.0,"{""-1"": 8, ""0"": 992}",0.094,1.9624444444444444,1.979,0.03755555555555555,0.021,0.008,0.992,0.0,-0.016,-0.075,0.906,"[14.962, 15.248, 15.874, 15.958, 16.292, 16.536, 16.972, 17.544, 18.202]","["""", """", 16.062, 14.178, 12.31, 10.346, 8.424, 6.518, 4.612]"
PROFILES,6d6,P2,2,2,AGGRESSIVE,500,4,2,2,155.662,156.0,0.014,20.698,0.026,17.471977777777777,17.042,-1.4456740442655935,-2.0,"{""-10"": 1, ""-9"": 14, ""-8"": 24, ""-7"": 9, ""-6"": 2, ""-5"": 6, ""-4"": 8, ""-3"": 52, ""-2"": 396, ""-1"": 73, ""0"": 396, ""1"": 1, ""3"": 3, ""4"": 6, ""5"": 3}",1.852,1.9626666666666666,1.979,0.03733333333333333,0.021,0.5885311871227364,0.3983903420523139,0.013078470824949699,-0.3953488372093023,-0.39332659251769464,0.032,"[20.328, 20.602, 18.946, 18.491935483870968, 17.43838383838384, 15.054655870445345, 15.748478701825558, 15.166328600405679, 15.032454361054766]","["""", """", 9.316, 7.028225806451613, 5.121212121212121, 3.3947368421052633, 2.1683569979716024, 1.081135902636917, 0.02636916835699797]"
PROFILES,6d6,P2,2,2,GREEDY,500,4,2,2,99.226,92.5,0.958,23.056,0.024,20.94970238095238,20.897,-0.40263543191800877,0,"{""-10"": 1, ""-9"": 3, ""-8"": 3, ""-7"": 1, ""-6"": 2, ""-5"": 2, ""-4"": 5, ""-3"": 20, ""-2"": 44, ""-1"": 22, ""0"": 579, ""5"": 1}",2.46,1.9613142857142858,1.977,0.03868571428571428,0.023,0.15080527086383602,0.8477306002928258,0.0014641288433382138,-0.4731934731934732,-1.17016317016317,0.43,"[20.854, 21.346, 20.868, 19.655172413793103, 19.69291338582677, 18.41269841269841, 18.086206896551722, 18.19148936170213, 17.80952380952381]","["""", """", 5.848, 5.761755485893417, 4.031496062992126, 1.962962962962963, 1.2672413793103448, 1.148936170212766, 0.5714285714285714]"
PROFILES,6d6,P3,3,2,EFFICIENT,500,6,2,3,127.816,128.0,0,9,11.69,14.201777777777778,11.982,-2.838,-3.0,"{""-4"": 3, ""-3"": 897, ""-2"": 59, ""-1"": 17, ""0"": 24}",0,1.9586666666666666,1.958,0.04133333333333333,0.042,0.976,0.024,0.0,0,0,0.926,"[14.792, 14.84, 11.988, 11.976, 14.818, 14.852, 14.876, 14.826, 14.848]","["""", """", 17.69, 16.69, 15.69, 14.69, 13.69, 12.69, 11.69]"
PROFILES,6d6,P3,3,2,ADAPTIVE,500,6,2,3,147.472,147.0,0,16.146,4.544,16.38577777777778,15.915,-0.005,0.0,"{""-1"": 5, ""0"": 995}",0.162,1.9586666666666666,1.958,0.04133333333333333,0.042,0.005,0.995,0.0,-0.04,-0.162,0.906,"[14.962, 15.248, 15.874, 15.956, 16.266, 16.496, 16.956, 17.514, 18.2]","["""", """", 16.046, 14.072, 12.204, 10.278, 8.356, 6.45, 4.544]"
PROFILES,6d6,P3,3,2,AGGRESSIVE,500,6,2,3,152.824,153.0,0.014,20.706,0.036,17.161055555555556,17.45,-1.858433734939759,-2.0,"{""-12"": 3, ""-11"": 4, ""-10"": 9, ""-9"": 11, ""-8"": 12, ""-7"": 8, ""-6"": 4, ""-5"": 12, ""-4"": 42, ""-3"": 299, ""-2"": 117, ""-1"": 56, ""0"": 416, ""1"": 1, ""4"": 2}",3.242,1.958888888888889,1.958,0.04111111111111111,0.042,0.5793172690763052,0.41767068273092367,0.0030120481927710845,-1.145748987854251,-0.8765182186234818,0.028,"[20.328, 20.602, 18.486, 16.356854838709676, 16.7165991902834, 15.979757085020243, 15.403651115618661, 15.123732251521298, 14.987829614604463]","["""", """", 8.882, 6.193548387096774, 4.6214574898785425, 3.289473684210526, 2.1480730223123734, 1.075050709939148, 0.036511156186612576]"
PROFILES,6d6,P3,3,2,GREEDY,500,6,2,3,90.66,79.5,0.976,23.522,0.032,20.900326984126984,20.765,-0.5556962025316455,0.0,"{""-11"": 2, ""-9"": 8, ""-8"": 2, ""-7"": 2, ""-6"": 5, ""-5"": 11, ""-4"": 13, ""-3"": 36, ""-2"": 27, ""-1"": 16, ""0"": 668}",4.598,1.9532333333333334,1.955,0.046766666666666665,0.045,0.15443037974683543,0.8455696202531645,0.0,-1.1943127962085307,-2.5924170616113744,0.472,"[20.854, 21.346, 20.868, 18.55862068965517, 19.0188679245283, 19.427419354838708, 18.37878787878788, 18.20689655172414, 19.333333333333332]","["""", """", 5.182, 3.910344827586207, 2.6792452830188678, 1.9435483870967742, 1.5151515151515151, 1.5172413793103448, 1.3333333333333333]"
PROFILES,4d8+1d6,P0,0,0,EFFICIENT,500,0,0,0,131.728,132.0,0,9,11.43,14.636444444444445,,,,{},0,1.8673333333333333,,0.13266666666666665,,,,,,,0.594,"[14.658, 14.592, 14.63, 14.65, 14.684, 14.658, 14.548, 14.656, 14.652]","["""", """", 17.43, 16.43, 15.43, 14.43, 13.43, 12.43, 11.43]"
PROFILES,4d8+1d6,P0,0,0,ADAPTIVE,500,0,0,0,149.364,150.0,0,15.844,4.586,16.596,,,,{},0,1.8673333333333333,,0.13266666666666665,,,,,,,0.866,"[15.19, 15.248, 16.068, 16.314, 16.448, 16.81, 17.052, 17.796, 18.438]","["""", """", 15.882, 14.01, 12.136, 10.25, 8.374, 6.47, 4.586]"
PROFILES,4d8+1d6,P0,0,0,AGGRESSIVE,500,0,0,0,156.28,160.0,0.054,20.468,0.046,17.99818888888889,,,,{},0,1.8693333333333333,,0.13066666666666665,,,,,,,0.072,"[20.666, 20.472, 19.764, 18.813524590163933, 17.899383983572896, 16.77987421383648, 15.725158562367865, 15.312896405919663, 15.023255813953488]","["""", """", 9.392, 7.079918032786885, 5.145790554414784, 3.5639412997903563, 2.3128964059196617, 1.1374207188160677, 0.048625792811839326]"
PROFILES,4d8+1d6,P0,0,0,GREEDY,500,0,0,0,100.884,93.5,0.944,23.08,0.022,21.440954761904763,,,,{},0,1.8555960317460318,,0.14440396825396826,,,,,,,0.44,"[21.586, 21.836, 21.192, 19.765273311897108, 19.765625, 18.99421965317919, 18.314814814814813, 17.784615384615385, 18.142857142857142]","["""", """", 5.54, 5.356913183279743, 3.46484375, 2.421965317919075, 1.6296296296296295, 0.9846153846153847, 0.39285714285714285]"
PROFILES,4d8+1d6,P1,1,4,EFFICIENT,500,4,4,1,128.252,129.0,0,9.002,11.428,14.250222222222222,13.77,-0.869,-1.0,"{""-4"": 5, ""-3"": 12, ""-2"": 131, ""-1"": 1425, ""0"": 426, ""5"": 1}",0,1.8739999999999999,1.8935,0.1262222222222222,0.107,0.7865,0.213,0.0005,0,-0.0015,0.572,"[14.658, 13.738, 14.63, 13.768, 14.684, 13.782, 14.548, 13.792, 14.652]","["""", """", 17.43, 16.428, 15.428, 14.428, 13.428, 12.428, 11.428]"
PROFILES,4d8+1d6,P1,1,4,ADAPTIVE,500,4,4,1,148.268,148.0,0,16.426,4.004,16.474222222222224,16.417,-0.125,0.0,"{""-4"": 1, ""-3"": 5, ""-2"": 44, ""-1"": 143, ""0"": 1807}",0.6,1.8739999999999999,1.8935,0.1262222222222222,0.107,0.0965,0.9035,0.0,-0.149,-0.5335,0.878,"[15.19, 15.248, 15.98, 16.214, 16.308, 16.664, 16.836, 17.542, 18.286]","["""", """", 15.408, 13.482, 11.614, 9.692, 7.818, 5.888, 4.004]"
PROFILES,4d8+1d6,P1,1,4,AGGRESSIVE,500,4,4,1,152.646,155.0,0.044,20.462,0.028,17.483544444444444,17.165666666666667,-0.78860103626943,0.0,"{""-9"": 2, ""-8"": 29, ""-7"": 37, ""-6"": 24, ""-5"": 18, ""-4"": 20, ""-3"": 54, ""-2"": 138, ""-1"": 621, ""0"": 914, ""1"": 2, ""2"": 7, ""3"": 3, ""4"": 6, ""5"": 24, ""6"": 27, ""7"": 3, ""8"": 1}",1.832,1.8747555555555555,1.8948333333333334,0.12546666666666667,0.10566666666666667,0.4886010362694301,0.47357512953367875,0.03782383419689119,-0.3082120582120582,-0.16216216216216217,0.05,"[20.666, 20.08, 19.652, 18.051020408163264, 17.37987679671458, 15.723492723492724, 15.313807531380753, 14.313807531380753, 14.832635983263598]","["""", """", 9.122, 6.6571428571428575, 4.905544147843942, 3.3804573804573805, 2.211297071129707, 1.0753138075313808, 0.029288702928870293]"
PROFILES,4d8+1d6,P1,1,4,GREEDY,500,4,4,1,95.114,86.0,0.98,23.506,0.01,21.397240476190476,21.598333333333333,-0.34518828451882844,0.0,"{""-8"": 5, ""-7"": 8, ""-6"": 10, ""-5"": 4, ""-4"": 7, ""-3"": 19, ""-2"": 35, ""-1"": 48, ""0"": 808, ""2"": 2, ""3"": 2, ""4"": 2, ""5"": 5, ""6"": 1}",1.674,1.8580412698412698,1.8741666666666668,0.14195873015873015,0.12583333333333332,0.14225941422594143,0.8451882845188284,0.012552301255230125,-0.21085858585858586,-0.6553030303030303,0.434,"[21.586, 21.836, 21.192, 19.389830508474578, 19.495575221238937, 18.289473684210527, 18.154761904761905, 17.62162162162162, 16.7]","["""", """", 5.006, 4.5288135593220336, 3.0929203539823007, 1.7894736842105263, 1.1904761904761905, 0.6216216216216216, 0.5]"
PROFILES,4d8+1d6,P2,2,2,EFFICIENT,500,4,2,2,128.112,129.0,0,9,11.43,14.234666666666667,12.836,-1.808,-2.0,"{""-4"": 11, ""-3"": 43, ""-2"": 760, ""-1"": 115, ""0"": 71}",0,1.8697777777777778,1.888,0.1302222222222222,0.112,0.929,0.071,0.0,0,0,0.87,"[14.658, 14.592, 12.826, 14.65, 14.684, 12.846, 14.548, 14.656, 14.652]","["""", """", 17.43, 16.43, 15.43, 14.43, 13.43, 12.43, 11.43]"
PROFILES,4d8+1d6,P2,2,2,ADAPTIVE,500,4,2,2,149.23,150.0,0,15.958,4.472,16.58111111111111,16.429,-0.01,0.0,"{""-2"": 2, ""-1"": 6, ""0"": 992}",0.114,1.8697777777777778,1.888,0.1302222222222222,0.112,0.008,0.992,0.0,-0.017,-0.086,0.868,"[15.19, 15.248, 16.068, 16.31, 16.42, 16.79, 17.022, 17.744, 18.438]","["""", """", 15.824, 13.952, 12.078, 10.136, 8.26, 6.356, 4.472]"
PROFILES,4d8+1d6,P2,2,2,AGGRESSIVE,500,4,2,2,151.766,154.5,0.054,20.602,0.034,17.541533333333334,17.064,-1.3698770491803278,-1.0,"{""-10"": 2, ""-9"": 10, ""-8"": 22, ""-7"": 7, ""-6"": 6, ""-5"": 8, ""-4"": 30, ""-3"": 70, ""-2"": 292, ""-1"": 111, ""0"": 395, ""1"": 1, ""2"": 1, ""3"": 2, ""4"": 11, ""5"": 3, ""6"": 4, ""7"": 1}",1.854,1.8712888888888888,1.89,0.1287111111111111,0.11,0.5717213114754098,0.4047131147540984,0.0235655737704918,-0.3987473903966597,-0.2536534446764092,0.052,"[20.666, 20.472, 18.952, 18.45360824742268, 17.436853002070393, 14.827731092436975, 15.300211416490486, 15.135306553911205, 14.824524312896406]","["""", """", 8.786, 6.725773195876289, 4.954451345755694, 3.3760504201680672, 2.200845665961945, 1.0782241014799154, 0.035940803382663845]"
PROFILES,4d8+1d6,P2,2,2,GREEDY,500,4,2,2,93.356,82.0,0.966,24.024,0.014,21.488415873015875,21.17,-0.33015873015873015,0.0,"{""-10"": 1, ""-9"": 5, ""-8"": 2, ""-7"": 1, ""-5"": 2, ""-4"": 3, ""-3"": 17, ""-2"": 28, ""-1"": 10, ""0"": 559, ""4"": 1, ""5"": 1}",2.362,1.8626468253968254,1.885,0.1373531746031746,0.115,0.10952380952380952,0.8873015873015873,0.0031746031746031746,-0.5492537313432836,-1.0597014925373134,0.474,"[21.586, 21.836, 21.192, 19.783088235294116, 19.631067961165048, 17.958041958041957, 17.616438356164384, 18.022727272727273, 17.58823529411765]","["""", """", 4.452, 4.819852941176471, 3.4757281553398056, 1.8251748251748252, 1.63013698630137, 0.8181818181818182, 0.4117647058823529]"
PROFILES,4d8+1d6,P3,3,2,EFFICIENT,500,6,2,3,126.17,127.0,0,9.002,11.428,14.018888888888888,11.861,-2.779,-3.0,"{""-6"": 2, ""-5"": 9, ""-4"": 46, ""-3"": 756, ""-2"": 124, ""-1"": 23, ""0"": 39, ""1"": 1}",0,1.8742222222222222,1.896,0.1262222222222222,0.106,0.96,0.039,0.001,0,-0.002,0.894,"[14.658, 14.592, 11.858, 11.864, 14.684, 14.658, 14.548, 14.656, 14.652]","["""", """", 17.43, 16.428, 15.428, 14.428, 13.428, 12.428, 11.428]"
PROFILES,4d8+1d6,P3,3,2,ADAPTIVE,500,6,2,3,149.096,149.0,0,16.026,4.404,16.566222222222223,16.184,-0.007,0.0,"{""-2"": 3, ""-1"": 1, ""0"": 996}",0.182,1.8742222222222222,1.896,0.1262222222222222,0.106,0.004,0.996,0.0,-0.056,-0.182,0.868,"[15.19, 15.248, 16.068, 16.3, 16.392, 16.748, 17.012, 17.718, 18.42]","["""", """", 15.798, 13.828, 11.954, 10.068, 8.192, 6.288, 4.404]"
PROFILES,4d8+1d6,P3,3,2,AGGRESSIVE,500,6,2,3,149.052,152.0,0.054,20.68,0.016,17.273222222222223,17.54,-1.8658536585365855,-2.0,"{""-11"": 4, ""-10"": 14, ""-9"": 10, ""-8"": 6, ""-7"": 6, ""-6"": 13, ""-5"": 24, ""-4"": 69, ""-3"": 237, ""-2"": 131, ""-1"": 58, ""0"": 403, ""3"": 4, ""4"": 4, ""5"": 1}",3.174,1.8769333333333333,1.897,0.1235111111111111,0.105,0.5813008130081301,0.4095528455284553,0.009146341463414634,-1.0793319415448852,-0.6910229645093946,0.048,"[20.666, 20.472, 18.44, 16.39669421487603, 16.8580375782881, 15.767932489451477, 15.071881606765327, 15.00845665961945, 14.849894291754756]","["""", """", 8.47, 6.037190082644628, 4.538622129436326, 3.2637130801687766, 2.1522198731501057, 1.0613107822410148, 0.016913319238900635]"
PROFILES,4d8+1d6,P3,3,2,GREEDY,500,6,2,3,86.75,77.0,0.976,24.514,0.002,21.415880952380952,21.021,-0.6487935656836461,0.0,"{""-12"": 2, ""-11"": 2, ""-10"": 4, ""-9"": 1, ""-7"": 5, ""-6"": 5, ""-5"": 16, ""-4"": 17, ""-3"": 38, ""-2"": 25, ""-1"": 12, ""0"": 619}",4.168,1.8750984126984127,1.9,0.1259015873015873,0.102,0.17024128686327078,0.8297587131367292,0.0,-1.360248447204969,-1.9192546583850931,0.484,"[21.586, 21.836, 21.192, 18.329268292682926, 19.11377245508982, 18.819148936170212, 18.510204081632654, 17.807692307692307, 19]","["""", """", 3.894, 3.3658536585365852, 2.4910179640718564, 1.8191489361702127, 1.4285714285714286, 0.8461538461538461, 0.08333333333333333]"
PROFILES,2d10+4d6,P0,0,0,EFFICIENT,500,0,0,0,134.262,135.0,0,9,11.536,14.918,,,,{},0,1.9582222222222223,,0.041777777777777775,,,,,,,0.266,"[14.914, 14.934, 14.926, 14.924, 14.928, 14.92, 14.916, 14.876, 14.924]","["""", """", 17.536, 16.536, 15.536, 14.536, 13.536, 12.536, 11.536]"
PROFILES,2d10+4d6,P0,0,0,ADAPTIVE,500,0,0,0,172.098,172.0,0,19.186,1.35,19.122,,,,{},0,1.9582222222222223,,0.041777777777777775,,,,,,,0.874,"[17.87, 18.11, 18.772, 18.83, 18.934, 19.16, 19.6, 19.846, 20.976]","["""", """", 14.648, 12.692, 10.72, 8.748, 6.734, 4.53, 1.35]"
PROFILES,2d10+4d6,P0,0,0,AGGRESSIVE,500,0,0,0,146.628,157.0,0.144,21.39,0,18.42781111111111,,,,{},0,1.960488888888889,,0.03951111111111111,,,,,,,0.04,"[22.728, 21.848, 20.678, 17.55011135857461, 16.152968036529682, 15.245327102803738, 15.049065420560748, 14.894859813084112, 14.932242990654206]","["""", """", 6.46, 5.2694877505567925, 4.041095890410959, 3.042056074766355, 2.0093457943925235, 1.0023364485981308, 0]"
PROFILES,2d10+4d6,P0,0,0,GREEDY,500,0,0,0,84.762,81.0,1,30.428,0,25.079795238095237,,,,{},0,1.954157142857143,,0.045842857142857144,,,,,,,0.466,"[25.108, 25.206, 25.098, 21.264957264957264, 19.363636363636363, 18.535714285714285, 20.25, 15, """"]","["""", """", 1.792, 2.8034188034188032, 1.025974025974026, 0.8928571428571429, 0.125, 0, """"]"
PROFILES,2d10+4d6,P1,1,4,EFFICIENT,500,4,4,1,130.378,131.0,0,9,11.536,14.486444444444444,13.9425,-0.971,-1.0,"{""-3"": 5, ""-2"": 41, ""-1"": 1845, ""0"": 109}",0,1.9613333333333334,1.9705,0.03866666666666666,0.0295,0.9455,0.0545,0.0,0,0,0.268,"[14.914, 13.944, 14.926, 13.962, 14.928, 13.928, 14.916, 13.936, 14.924]","["""", """", 17.536, 16.536, 15.536, 14.536, 13.536, 12.536, 11.536]"
PROFILES,2d10+4d6,P1,1,4,ADAPTIVE,500,4,4,1,171.494,172.0,0,19.282,1.254,19.05488888888889,18.968,-0.0185,0.0,"{""-2"": 5, ""-1"": 28, ""0"": 1966, ""1"": 1}",0.708,1.9613333333333334,1.9705,0.03866666666666666,0.0295,0.0165,0.983,0.0005,-0.1325,-0.0895,0.862,"[17.87, 18.11, 18.75, 18.822, 18.906, 19.144, 19.54, 19.796, 20.556]","["""", """", 14.58, 12.608, 10.636, 8.61, 6.624, 3.902, 1.254]"
PROFILES,2d10+4d6,P1,1,4,AGGRESSIVE,500,4,4,1,142.074,152.0,0.156,21.474,0,18.084855555555556,17.136,-0.9102132435465768,-1.0,"{""-9"": 1, ""-8"": 12, ""-7"": 15, ""-6"": 4, ""-5"": 6, ""-4"": 1, ""-3"": 10, ""-2"": 69, ""-1"": 1293, ""0"": 348, ""1"": 2, ""3"": 2, ""4"": 2, ""5"": 12, ""6"": 4, ""7"": 1}",1.69,1.9624333333333333,1.97,0.037566666666666665,0.03,0.7918069584736251,0.19528619528619529,0.012906846240179574,-0.07505643340857787,-0.06997742663656885,0.04,"[22.728, 21.206, 20.672, 16.481900452488688, 15.933179723502304, 14.246445497630331, 14.97867298578199, 13.97867298578199, 14.933649289099526]","["""", """", 6.25, 5.1923076923076925, 3.9976958525345623, 3.023696682464455, 2.009478672985782, 1.0023696682464456, 0]"
PROFILES,2d10+4d6,P1,1,4,GREEDY,500,4,4,1,83.152,80.5,1,31.13,0,25.0628,25.111666666666668,-0.2315112540192926,0.0,"{""-8"": 4, ""-7"": 2, ""-4"": 2, ""-3"": 3, ""-2"": 22, ""-1"": 42, ""0"": 546, ""5"": 1}",1.22,1.9592,1.9736666666666667,0.040799999999999996,0.026333333333333334,0.12057877813504823,0.8778135048231511,0.001607717041800643,-0.0812720848056537,-0.25265017667844525,0.47,"[25.108, 25.206, 25.098, 20.50467289719626, 19.37878787878788, 17.166666666666668, 18.5, 14, """"]","["""", """", 1.56, 2.308411214953271, 0.6818181818181818, 0.5555555555555556, 0.25, 0, """"]"
PROFILES,2d10+4d6,P2,2,2,EFFICIENT,500,4,2,2,130.322,131.0,0,9,11.536,14.480222222222222,12.953,-1.97,-2.0,"{""-4"": 1, ""-3"": 22, ""-2"": 941, ""-1"": 18, ""0"": 18}",0,1.962,1.971,0.038,0.029,0.982,0.018,0.0,0,0,0.958,"[14.914, 14.934, 12.944, 14.924, 14.928, 12.962, 14.916, 14.876, 14.924]","["""", """", 17.536, 16.536, 15.536, 14.536, 13.536, 12.536, 11.536]"
PROFILES,2d10+4d6,P2,2,2,ADAPTIVE,500,4,2,2,171.282,171.0,0,19.324,1.212,19.031333333333333,18.949,-0.017,0.0,"{""-2"": 1, ""-1"": 15, ""0"": 984}",0.64,1.962,1.971,0.038,0.029,0.016,0.984,0.0,-0.126,-0.361,0.862,"[17.87, 18.11, 18.772, 18.818, 18.918, 19.126, 19.36, 19.524, 20.784]","["""", """", 14.52, 12.564, 10.592, 8.112, 6.14, 4.1, 1.212]"
PROFILES,2d10+4d6,P2,2,2,AGGRESSIVE,500,4,2,2,142.286,153.0,0.144,21.634,0,18.047566666666665,17.237,-1.6012931034482758,-2.0,"{""-10"": 1, ""-9"": 2, ""-8"": 3, ""-7"": 1, ""-4"": 4, ""-3"": 22, ""-2"": 650, ""-1"": 51, ""0"": 192, ""1"": 1, ""5"": 1}",1.316,1.9635,1.972,0.0365,0.028,0.790948275862069,0.20689655172413793,0.0021551724137931034,-0.26011560693641617,-0.08670520231213873,0.046,"[22.728, 21.848, 19.434, 17.14645308924485, 15.741935483870968, 13.226635514018692, 14.964953271028037, 14.86448598130841, 14.91822429906542]","["""", """", 6.112, 5.247139588100686, 4.029953917050691, 3.0093457943925235, 2, 1, 0]"
PROFILES,2d10+4d6,P2,2,2,GREEDY,500,4,2,2,82.37,80.0,1,31.81,0,25.107430952380952,25.083,-0.04474708171206226,0.0,"{""-3"": 2, ""-2"": 8, ""-1"": 1, ""0"": 503}",1.868,1.9605119047619048,1.975,0.03948809523809524,0.025,0.021400778210116732,0.9785992217898832,0.0,-0.7766990291262136,-0.8737864077669902,0.496,"[25.108, 25.206, 25.098, 21.030927835051546, 19.132075471698112, 17.5625, 17.571428571428573, 21, """"]","["""", """", 1.33, 2.350515463917526, 0.9811320754716981, 0.8125, 0.2857142857142857, 0, """"]"
PROFILES,2d10+4d6,P3,3,2,EFFICIENT,500,6,2,3,128.392,129.0,0,9,11.536,14.265777777777778,11.99,-2.935,-3.0,"{""-4"": 8, ""-3"": 941, ""-2"": 34, ""-1"": 12, ""0"": 5}",0,1.9586666666666666,1.967,0.04133333333333333,0.033,0.995,0.005,0.0,0,0,0.962,"[14.914, 14.934, 11.998, 11.982, 14.928, 14.92, 14.916, 14.876, 14.924]","["""", """", 17.536, 16.536, 15.536, 14.536, 13.536, 12.536, 11.536]"
PROFILES,2d10+4d6,P3,3,2,ADAPTIVE,500,6,2,3,166.554,167.0,0,19.87,0.666,18.506,18.7,-0.101,0.0,"{""-2"": 2, ""-1"": 97, ""0"": 901}",2.084,1.9586666666666666,1.967,0.04133333333333333,0.033,0.099,0.901,0.0,-0.448,-2.084,0.606,"[17.87, 18.11, 18.772, 18.628, 18.486, 18.504, 18.716, 18.67, 18.798]","["""", """", 13.55, 10.608, 8.636, 6.668, 4.7, 2.722, 0.666]"
PROFILES,2d10+4d6,P3,3,2,AGGRESSIVE,500,6,2,3,140.236,151.0,0.144,21.736,0,17.83522222222222,17.314,-2.552350427350427,-3.0,"{""-11"": 2, ""-10"": 12, ""-9"": 14, ""-8"": 4, ""-7"": 4, ""-6"": 3, ""-5"": 11, ""-4"": 38, ""-3"": 552, ""-2"": 81, ""-1"": 28, ""0"": 184, ""3"": 2, ""4"": 1}",2.006,1.9606666666666666,1.967,0.03933333333333333,0.033,0.8002136752136753,0.19658119658119658,0.003205128205128205,-0.6372093023255814,-0.10465116279069768,0.046,"[22.728, 21.848, 18.742, 14.309633027522937, 15.483720930232558, 15.007009345794392, 14.934579439252337, 14.86448598130841, 14.91822429906542]","["""", """", 5.972, 5.098623853211009, 4.011627906976744, 3.0046728971962615, 2, 1, 0]"
PROFILES,2d10+4d6,P3,3,2,GREEDY,500,6,2,3,80.72,79.0,1,32.462,0,25.049457142857143,25.047,-0.42783505154639173,0.0,"{""-10"": 1, ""-9"": 2, ""-7"": 4, ""-6"": 8, ""-5"": 2, ""-4"": 10, ""-3"": 27, ""-2"": 6, ""-1"": 2, ""0"": 520}",3.152,1.9566809523809523,1.956,0.04331904761904762,0.044,0.10652920962199312,0.8934707903780069,0.0,-1.5675675675675675,-0.8108108108108109,0.486,"[25.108, 25.206, 25.098, 18.78048780487805, 18.829268292682926, 18.846153846153847, 20.5, 15, """"]","["""", """", 1.1, 1.7195121951219512, 0.8292682926829268, 0.7692307692307693, 0.25, 0, """"]"
PROFILES,1d8+3d6,P0,0,0,EFFICIENT,500,0,0,0,118.63,119.0,0,9,11.382,13.181111111111111,,,,{},0,1.5853333333333333,,0.41466666666666663,,,,,,,0.578,"[13.314, 13.144, 13.146, 13.126, 13.04, 13.224, 13.102, 13.356, 13.178]","["""", """", 17.382, 16.382, 15.382, 14.382, 13.382, 12.382, 11.382]"
PROFILES,1d8+3d6,P0,0,0,ADAPTIVE,500,0,0,0,106.114,106.0,0,9,11.382,11.790444444444445,,,,{},0,1.5853333333333333,,0.41466666666666663,,,,,,,0.834,"[10.602, 10.602, 11.284, 11.464, 11.712, 12.156, 12.566, 12.956, 12.772]","["""", """", 17.382, 16.382, 15.382, 14.382, 13.382, 12.382, 11.382]"
PROFILES,1d8+3d6,P0,0,0,AGGRESSIVE,500,0,0,0,135.134,135.0,0,13.854,6.528,15.014888888888889,,,,{},0,1.5853333333333333,,0.41466666666666663,,,,,,,0.52,"[15.226, 15.08, 15.12, 14.918, 14.722, 15, 14.82, 15.21, 15.038]","["""", """", 15.63, 14.098, 12.586, 11.082, 9.548, 8.044, 6.528]"
PROFILES,1d8+3d6,P0,0,0,GREEDY,500,0,0,0,134.694,135.0,0.018,13.888,6.494,15.036757936507936,,,,{},0,1.5851666666666666,,0.41483333333333333,,,,,,,0.52,"[15.238, 15.08, 15.142, 14.922, 14.728, 15.014, 14.843058350100604, 15.210526315789474, 15.059063136456212]","["""", """", 15.584, 14.05, 12.532, 11.024, 9.54728370221328, 8.085020242914979, 6.6130346232179225]"
PROFILES,1d8+3d6,P1,1,4,EFFICIENT,500,4,4,1,116.62,117.0,0,9,11.382,12.957777777777778,12.71,-0.5025,0.0,"{""-4"": 9, ""-3"": 82, ""-2"": 185, ""-1"": 353, ""0"": 1371}",0,1.5984444444444443,1.6255,0.40155555555555555,0.3745,0.3145,0.6855,0.0,0,0,0.576,"[13.314, 12.694, 13.146, 12.606, 13.04, 12.71, 13.102, 12.83, 13.178]","["""", """", 17.382, 16.382, 15.382, 14.382, 13.382, 12.382, 11.382]"
PROFILES,1d8+3d6,P1,1,4,ADAPTIVE,500,4,4,1,106.114,106.0,0,9.052,11.33,11.790444444444445,11.7945,0,0.0,"{""0"": 2000}",0.052,1.5984444444444443,1.6255,0.40155555555555555,0.3745,0.0,1.0,0.0,0,-0.0155,0.834,"[10.602, 10.602, 11.284, 11.464, 11.712, 12.156, 12.566, 12.956, 12.772]","["""", """", 17.382, 16.382, 15.382, 14.372, 13.372, 12.33, 11.33]"
PROFILES,1d8+3d6,P1,1,4,AGGRESSIVE,500,4,4,1,134.906,135.0,0,14.636,5.746,14.989555555555556,15.0245,-0.0275,0.0,"{""-6"": 3, ""-5"": 5, ""-4"": 4, ""-3"": 1, ""-2"": 1, ""-1"": 2, ""0"": 1981, ""3"": 2, ""5"": 1}",0.888,1.5984444444444443,1.6255,0.40155555555555555,0.3745,0.008,0.9905,0.0015,-0.0295,-0.5115,0.514,"[15.226, 15.08, 15.12, 14.866, 14.686, 14.99, 14.798, 15.162, 14.978]","["""", """", 15.404, 13.672, 12.182, 10.45, 8.914, 7.232, 5.746]"
PROFILES,1d8+3d6,P1,1,4,GREEDY,500,4,4,1,134.138,134.5,0.032,14.69,5.692,15.03702380952381,15.075666666666667,-0.008048289738430584,0.0,"{""-6"": 1, ""-5"": 1, ""-3"": 1, ""-2"": 1, ""0"": 1984}",0.91,1.5984888888888888,1.6255,0.4015111111111111,0.3745,0.002012072434607646,0.9979879275653923,0.0,-0.02225594334850784,-0.5442589782498736,0.518,"[15.238, 15.08, 15.142, 14.922, 14.722, 15, 14.81174089068826, 15.218813905930471, 15.026859504132231]","["""", """", 15.358, 13.58, 12.068, 10.356713426853707, 8.925101214574898, 7.298568507157464, 5.880165289256198]"
PROFILES,1d8+3d6,P2,2,2,EFFICIENT,500,4,2,2,116.33,117.0,0,9,11.382,12.925555555555556,12.035,-1.15,-1.0,"{""-5"": 5, ""-4"": 29, ""-3"": 94, ""-2"": 290, ""-1"": 147, ""0"": 435}",0,1.5931111111111111,1.625,0.4073333333333333,0.377,0.565,0.435,0.0,0,0,0.648,"[13.314, 13.144, 12.002, 13.126, 13.04, 12.068, 13.102, 13.356, 13.178]","["""", """", 17.382, 16.382, 15.382, 14.382, 13.382, 12.382, 11.382]"
PROFILES,1d8+3d6,P2,2,2,ADAPTIVE,500,4,2,2,106.112,106.0,0,9.062,11.32,11.790222222222223,11.72,0,0.0,"{""0"": 1000}",0.062,1.5931111111111111,1.625,0.4073333333333333,0.377,0.0,1.0,0.0,-0.001,-0.031,0.834,"[10.602, 10.602, 11.284, 11.464, 11.712, 12.156, 12.564, 12.956, 12.772]","["""", """", 17.382, 16.382, 15.382, 14.32, 13.32, 12.32, 11.32]"
PROFILES,1d8+3d6,P2,2,2,AGGRESSIVE,500,4,2,2,134.872,135.0,0,14.794,5.588,14.985777777777777,15.007,-0.053,0.0,"{""-10"": 1, ""-6"": 1, ""-5"": 3, ""-4"": 2, ""-3"": 2, ""-2"": 3, ""-1"": 2, ""0"": 986}",1.064,1.5931111111111111,1.625,0.4073333333333333,0.377,0.014,0.986,0.0,-0.024,-0.737,0.514,"[15.226, 15.08, 15.086, 14.918, 14.71, 14.928, 14.772, 15.146, 15.006]","["""", """", 15.144, 13.612, 12.104, 10.078, 8.56, 7.084, 5.588]"
PROFILES,1d8+3d6,P2,2,2,GREEDY,500,4,2,2,133.562,134.0,0.06,14.878,5.504,15.031771428571428,15.077,-0.01903807615230461,0.0,"{""-8"": 1, ""-6"": 1, ""-5"": 1, ""0"": 995}",1.126,1.5921404761904763,1.625,0.40830396825396825,0.377,0.003006012024048096,0.996993987975952,0.0,-0.012072434607645875,-0.8229376257545271,0.52,"[15.238, 15.08, 15.142, 14.92, 14.733466933867735, 14.96987951807229, 14.81578947368421, 15.184426229508198, 15.01063829787234]","["""", """", 15.018, 13.486, 11.993987975951903, 9.951807228915662, 8.497975708502024, 7.086065573770492, 5.85531914893617]"
PROFILES,1d8+3d6,P3,3,2,EFFICIENT,500,6,2,3,114.96,115.0,0,9,11.382,12.773333333333333,11.301,-1.835,-2.0,"{""-6"": 3, ""-5"": 11, ""-4"": 88, ""-3"": 310, ""-2"": 182, ""-1"": 116, ""0"": 290}",0,1.6028888888888888,1.678,0.3982222222222222,0.327,0.71,0.29,0.0,0,0,0.704,"[13.314, 13.144, 11.308, 11.294, 13.04, 13.224, 13.102, 13.356, 13.178]","["""", """", 17.382, 16.382, 15.382, 14.382, 13.382, 12.382, 11.382]"
PROFILES,1d8+3d6,P3,3,2,ADAPTIVE,500,6,2,3,106.068,106.0,0,9.108,11.274,11.785333333333334,11.372,-0.002,0.0,"{""-2"": 1, ""0"": 999}",0.108,1.6028888888888888,1.678,0.3982222222222222,0.327,0.001,0.999,0.0,-0.016,-0.108,0.834,"[10.602, 10.602, 11.284, 11.46, 11.696, 12.14, 12.556, 12.956, 12.772]","["""", """", 17.35, 16.274, 15.274, 14.274, 13.274, 12.274, 11.274]"
PROFILES,1d8+3d6,P3,3,2,AGGRESSIVE,500,6,2,3,134.452,135.0,0,15.226,5.156,14.939111111111112,14.889,-0.13,0.0,"{""-7"": 1, ""-6"": 2, ""-5"": 8, ""-4"": 11, ""-3"": 8, ""-2"": 1, ""-1"": 1, ""0"": 968}",1.684,1.6028888888888888,1.678,0.3982222222222222,0.327,0.032,0.968,0.0,-0.092,-1.48,0.514,"[15.226, 15.08, 15.046, 14.732, 14.63, 14.952, 14.778, 15.096, 14.912]","["""", """", 14.786, 12.584, 11.106, 9.612, 8.09, 6.624, 5.156]"
PROFILES,1d8+3d6,P3,3,2,GREEDY,500,6,2,3,131.336,133.0,0.094,15.386,4.996,15.073544444444444,15.009,-0.023,0.0,"{""-5"": 1, ""-4"": 3, ""-3"": 2, ""0"": 994}",1.932,1.6040460317460317,1.678,0.39706507936507934,0.327,0.006,0.994,0.0,-0.02231237322515213,-1.8052738336713996,0.526,"[15.238, 15.08, 15.142, 14.876, 14.752535496957403, 15.02680412371134, 14.821428571428571, 15.188436830835117, 14.991169977924946]","["""", """", 14.576, 12.148, 10.821501014198782, 9.490721649484536, 8.132352941176471, 6.7987152034261245, 5.514348785871965]"
