pool,length,policy,form_group,comparison,pairs,mean_delta_difficult_production,mean_delta_score,mean_delta_cost,mean_delta_spent,delta_dnf_rate,mean_delta_reserve_remaining,mean_terrain_extra_cost,slow_rate,maintain_rate,attack_rate,mean_post_difficulty_production_delta,mean_post_difficulty_reserve_delta
6d6,6,EFFICIENT,ALL,D0_FLAT_vs_D1_EARLY,500,-2.857,-5.714,0,0,0,0,0,0.964,0.036,0.0,0,0
6d6,6,EFFICIENT,ALL,D0_FLAT_vs_D2_LATE,500,-2.846,-5.692,0,0,0,0,0,0.96,0.04,0.0,,
6d6,6,ADAPTIVE,ALL,D0_FLAT_vs_D1_EARLY,500,-0.098,-0.858,0.64,0.64,0,-0.64,0.64,0.008,0.992,0.0,-0.224,-0.64
6d6,6,ADAPTIVE,NEGATIVE,D0_FLAT_vs_D1_EARLY,100,0,-1.47,1.02,1.02,0,-1.02,1.02,0.0,1.0,0.0,-0.57,-1.02
6d6,6,ADAPTIVE,ZERO,D0_FLAT_vs_D1_EARLY,131,-0.2900763358778626,-1.3435114503816794,0.8702290076335878,0.8702290076335878,0,-0.8702290076335878,0.8702290076335878,0.0,1.0,0.0,-0.12213740458015267,-0.8702290076335878
6d6,6,ADAPTIVE,POSITIVE,D0_FLAT_vs_D1_EARLY,269,-0.040892193308550186,-0.3940520446096654,0.38661710037174724,0.38661710037174724,0,-0.38661710037174724,0.38661710037174724,0.01486988847583643,0.9851301115241635,0.0,-0.1449814126394052,-0.38661710037174724
6d6,6,ADAPTIVE,ALL,D0_FLAT_vs_D2_LATE,500,-0.002,-0.004,1.322,1.322,0,-1.322,1.322,0.0,1.0,0.0,,
6d6,6,ADAPTIVE,NEGATIVE,D0_FLAT_vs_D2_LATE,100,-0.005,-0.01,0.96,0.96,0,-0.96,0.96,0.0,1.0,0.0,,
6d6,6,ADAPTIVE,ZERO,D0_FLAT_vs_D2_LATE,131,-0.003816793893129771,-0.007633587786259542,1.0381679389312977,1.0381679389312977,0,-1.0381679389312977,1.0381679389312977,0.0,1.0,0.0,,
6d6,6,ADAPTIVE,POSITIVE,D0_FLAT_vs_D2_LATE,269,0,0,1.5947955390334572,1.5947955390334572,0,-1.5947955390334572,1.5947955390334572,0.0,1.0,0.0,,
6d6,6,AGGRESSIVE,ALL,D0_FLAT_vs_D1_EARLY,500,-1.542,-8.288,0.59,0.59,0.046,-0.214,3.734,0.476,0.512,0.012,-1.1428571428571428,-0.8763326226012793
6d6,6,AGGRESSIVE,ALL,D0_FLAT_vs_D2_LATE,500,-2.623456790123457,-5.1,0.196,0.196,0.0,-0.196,0.704,0.8096707818930041,0.18724279835390947,0.0030864197530864196,,
6d6,6,GREEDY,ALL,D0_FLAT_vs_D1_EARLY,500,0,-12.306,4.902,4.902,0.15400000000000003,-0.204,6.658,0.0,1.0,0.0,-0.9921875,-2.34375
6d6,6,GREEDY,ALL,D0_FLAT_vs_D2_LATE,500,-2.3058252427184467,-2.372,0.172,0.172,0.05400000000000005,-0.172,0.722,0.6556291390728477,0.3344370860927152,0.009933774834437087,,
6d6,9,EFFICIENT,ALL,D0_FLAT_vs_D1_EARLY,500,-2.857,-5.714,0,0,0,0,0,0.964,0.036,0.0,0,0
6d6,9,EFFICIENT,ALL,D0_FLAT_vs_D2_LATE,500,-2.872,-5.744,0,0,0,0,0,0.964,0.036,0.0,0,0
6d6,9,ADAPTIVE,ALL,D0_FLAT_vs_D1_EARLY,500,-0.016,-1.118,0.632,0.632,0,-0.632,0.646,0.003,0.997,0.0,-0.094,-0.636
6d6,9,ADAPTIVE,NEGATIVE,D0_FLAT_vs_D1_EARLY,100,-0.03,-1.75,1,1,0,-1,1.05,0.015,0.985,0.0,-0.02,-1.01
6d6,9,ADAPTIVE,ZERO,D0_FLAT_vs_D1_EARLY,131,0,-1.916030534351145,0.8549618320610687,0.8549618320610687,0,-0.8549618320610687,0.8702290076335878,0.0,1.0,0.0,-0.03816793893129771,-0.8625954198473282
6d6,9,ADAPTIVE,POSITIVE,D0_FLAT_vs_D1_EARLY,269,-0.01858736059479554,-0.4944237918215613,0.38661710037174724,0.38661710037174724,0,-0.38661710037174724,0.38661710037174724,0.0,1.0,0.0,-0.14869888475836432,-0.38661710037174724
6d6,9,ADAPTIVE,ALL,D0_FLAT_vs_D2_LATE,500,-0.015,-0.036,0.488,0.488,0,-0.488,0.488,0.001,0.999,0.0,-0.006,-0.488
6d6,9,ADAPTIVE,NEGATIVE,D0_FLAT_vs_D2_LATE,100,-0.015,-0.05,0.14,0.14,0,-0.14,0.14,0.0,1.0,0.0,-0.02,-0.14
6d6,9,ADAPTIVE,ZERO,D0_FLAT_vs_D2_LATE,131,-0.022900763358778626,-0.05343511450381679,0.3511450381679389,0.3511450381679389,0,-0.3511450381679389,0.3511450381679389,0.0,1.0,0.0,-0.007633587786259542,-0.3511450381679389
6d6,9,ADAPTIVE,POSITIVE,D0_FLAT_vs_D2_LATE,269,-0.011152416356877323,-0.022304832713754646,0.6840148698884758,0.6840148698884758,0,-0.6840148698884758,0.6840148698884758,0.0018587360594795538,0.9981412639405205,0.0,0,-0.6840148698884758
6d6,9,AGGRESSIVE,ALL,D0_FLAT_vs_D1_EARLY,500,-1.392,-10.906,0.22,0.22,0.032,-0.07,4.89,0.418,0.573,0.009,-1.3162217659137576,-1.6139630390143738
6d6,9,AGGRESSIVE,ALL,D0_FLAT_vs_D2_LATE,500,-2.684584178498986,-5.552,0.062,0.062,0.0,-0.062,0.328,0.8823529411764706,0.11663286004056796,0.0010141987829614604,-0.2616632860040568,-0.06288032454361055
6d6,9,GREEDY,ALL,D0_FLAT_vs_D1_EARLY,500,0,-22.018,3.148,3.148,0.05399999999999994,-0.064,6.658,0.0,1.0,0.0,-0.7314814814814815,-3.6944444444444446
6d6,9,GREEDY,ALL,D0_FLAT_vs_D2_LATE,500,-2.1556291390728477,-2.14,0.058,0.058,0.039999999999999925,-0.058,0.448,0.6146788990825688,0.3853211009174312,0.0,-1.3,-1.1
4d8+1d6,6,EFFICIENT,ALL,D0_FLAT_vs_D1_EARLY,500,-2.764,-5.528,0,0,0,0,0,0.928,0.072,0.0,0,0
4d8+1d6,6,EFFICIENT,ALL,D0_FLAT_vs_D2_LATE,500,-2.81,-5.62,0.004,0.004,0,-0.004,0.002,0.943,0.057,0.0,,
4d8+1d6,6,ADAPTIVE,ALL,D0_FLAT_vs_D1_EARLY,500,-0.081,-0.952,0.658,0.658,0,-0.658,0.664,0.016,0.984,0.0,-0.272,-0.658
4d8+1d6,6,ADAPTIVE,NEGATIVE,D0_FLAT_vs_D1_EARLY,123,-0.15447154471544716,-1.951219512195122,1,1,0,-1,1.024390243902439,0.0,1.0,0.0,-0.42276422764227645,-1
4d8+1d6,6,ADAPTIVE,ZERO,D0_FLAT_vs_D1_EARLY,143,-0.07692307692307693,-0.958041958041958,0.7762237762237763,0.7762237762237763,0,-0.7762237762237763,0.7762237762237763,0.038461538461538464,0.9615384615384616,0.0,-0.38461538461538464,-0.7762237762237763
4d8+1d6,6,ADAPTIVE,POSITIVE,D0_FLAT_vs_D1_EARLY,234,-0.04487179487179487,-0.4230769230769231,0.405982905982906,0.405982905982906,0,-0.405982905982906,0.405982905982906,0.010683760683760684,0.9893162393162394,0.0,-0.12393162393162394,-0.405982905982906
4d8+1d6,6,ADAPTIVE,ALL,D0_FLAT_vs_D2_LATE,500,-0.067,-0.134,2.202,2.202,0,-2.202,2.202,0.023,0.977,0.0,,
4d8+1d6,6,ADAPTIVE,NEGATIVE,D0_FLAT_vs_D2_LATE,123,-0.04878048780487805,-0.0975609756097561,1.4390243902439024,1.4390243902439024,0,-1.4390243902439024,1.4390243902439024,0.016260162601626018,0.983739837398374,0.0,,
4d8+1d6,6,ADAPTIVE,ZERO,D0_FLAT_vs_D2_LATE,143,-0.08741258741258741,-0.17482517482517482,1.832167832167832,1.832167832167832,0,-1.832167832167832,1.832167832167832,0.027972027972027972,0.972027972027972,0.0,,
4d8+1d6,6,ADAPTIVE,POSITIVE,D0_FLAT_vs_D2_LATE,234,-0.0641025641025641,-0.1282051282051282,2.8290598290598292,2.8290598290598292,0,-2.8290598290598292,2.8290598290598292,0.023504273504273504,0.9764957264957265,0.0,,
4d8+1d6,6,AGGRESSIVE,ALL,D0_FLAT_vs_D1_EARLY,500,-1.682,-7.19,0.608,0.608,0.03,-0.152,3.464,0.496,0.489,0.015,-0.9824561403508771,-0.6052631578947368
4d8+1d6,6,AGGRESSIVE,ALL,D0_FLAT_vs_D2_LATE,500,-2.611111111111111,-4.888,0.184,0.184,0.0,-0.184,0.554,0.8108974358974359,0.18269230769230768,0.00641025641025641,,
4d8+1d6,6,GREEDY,ALL,D0_FLAT_vs_D1_EARLY,500,0,-9.6,4.82,4.82,0.09000000000000008,-0.088,6.152,0.0,1.0,0.0,-0.9333333333333333,-2.011111111111111
4d8+1d6,6,GREEDY,ALL,D0_FLAT_vs_D2_LATE,500,-2.3141025641025643,-1.562,0.096,0.096,0.030000000000000027,-0.096,0.412,0.6591928251121076,0.32286995515695066,0.017937219730941704,,
4d8+1d6,9,EFFICIENT,ALL,D0_FLAT_vs_D1_EARLY,500,-2.764,-5.528,0,0,0,0,0,0.928,0.072,0.0,0,0
4d8+1d6,9,EFFICIENT,ALL,D0_FLAT_vs_D2_LATE,500,-2.746,-5.492,0.002,0.002,0,-0.002,0,0.927,0.073,0.0,0,-0.002
4d8+1d6,9,ADAPTIVE,ALL,D0_FLAT_vs_D1_EARLY,500,-0.051,-1.338,0.64,0.64,0,-0.64,0.664,0.003,0.997,0.0,-0.146,-0.65
4d8+1d6,9,ADAPTIVE,NEGATIVE,D0_FLAT_vs_D1_EARLY,123,0,-2.5528455284552845,0.9512195121951219,0.9512195121951219,0,-0.9512195121951219,1.024390243902439,0.0,1.0,0.0,-0.3821138211382114,-0.991869918699187
4d8+1d6,9,ADAPTIVE,ZERO,D0_FLAT_vs_D1_EARLY,143,-0.14335664335664336,-1.5664335664335665,0.7692307692307693,0.7692307692307693,0,-0.7692307692307693,0.7902097902097902,0.0034965034965034965,0.9965034965034965,0.0,-0.13286713286713286,-0.7692307692307693
4d8+1d6,9,ADAPTIVE,POSITIVE,D0_FLAT_vs_D1_EARLY,234,-0.021367521367521368,-0.5598290598290598,0.3974358974358974,0.3974358974358974,0,-0.3974358974358974,0.3974358974358974,0.004273504273504274,0.9957264957264957,0.0,-0.029914529914529916,-0.3974358974358974
4d8+1d6,9,ADAPTIVE,ALL,D0_FLAT_vs_D2_LATE,500,-0.031,-0.134,0.842,0.842,0,-0.842,0.842,0.005,0.995,0.0,-0.072,-0.842
4d8+1d6,9,ADAPTIVE,NEGATIVE,D0_FLAT_vs_D2_LATE,123,-0.024390243902439025,-0.10569105691056911,0.3008130081300813,0.3008130081300813,0,-0.3008130081300813,0.3008130081300813,0.0040650406504065045,0.9959349593495935,0.0,-0.056910569105691054,-0.3008130081300813
4d8+1d6,9,ADAPTIVE,ZERO,D0_FLAT_vs_D2_LATE,143,-0.03146853146853147,-0.1258741258741259,0.5454545454545454,0.5454545454545454,0,-0.5454545454545454,0.5454545454545454,0.006993006993006993,0.993006993006993,0.0,-0.06293706293706294,-0.5454545454545454
4d8+1d6,9,ADAPTIVE,POSITIVE,D0_FLAT_vs_D2_LATE,234,-0.03418803418803419,-0.15384615384615385,1.3076923076923077,1.3076923076923077,0,-1.3076923076923077,1.3076923076923077,0.004273504273504274,0.9957264957264957,0.0,-0.08547008547008547,-1.3076923076923077
4d8+1d6,9,AGGRESSIVE,ALL,D0_FLAT_vs_D1_EARLY,500,-1.569,-9.504,0.356,0.356,0.022,-0.03,4.672,0.445,0.546,0.009,-1.1183932346723044,-0.9978858350951374
4d8+1d6,9,AGGRESSIVE,ALL,D0_FLAT_vs_D2_LATE,500,-2.587737843551797,-5.08,0.032,0.032,0.0,-0.032,0.188,0.857293868921776,0.13847780126849896,0.004228329809725159,-0.1945031712473573,-0.03382663847780127
4d8+1d6,9,GREEDY,ALL,D0_FLAT_vs_D1_EARLY,500,0,-18.304,3.258,3.258,0.03200000000000003,-0.016,6.152,0.0,1.0,0.0,-1,-3.417989417989418
4d8+1d6,9,GREEDY,ALL,D0_FLAT_vs_D2_LATE,500,-2.2546296296296298,-1.442,0.02,0.02,0.026000000000000023,-0.02,0.244,0.6380368098159509,0.3496932515337423,0.012269938650306749,-0.7857142857142857,-0.5
2d10+4d6,6,EFFICIENT,ALL,D0_FLAT_vs_D1_EARLY,500,-2.945,-5.89,0,0,0,0,0,0.987,0.013,0.0,0,0
2d10+4d6,6,EFFICIENT,ALL,D0_FLAT_vs_D2_LATE,500,-2.945,-5.89,0,0,0,0,0,0.984,0.016,0.0,,
2d10+4d6,6,ADAPTIVE,ALL,D0_FLAT_vs_D1_EARLY,500,-0.124,-4.506,0.798,0.798,0.002,-0.798,2.108,0.014,0.986,0.0,-0.878,-2.072
2d10+4d6,6,ADAPTIVE,NEGATIVE,D0_FLAT_vs_D1_EARLY,128,0,-2.1875,0.6796875,0.6796875,0,-0.6796875,0.9375,0.0,1.0,0.0,-0.25,-0.9375
2d10+4d6,6,ADAPTIVE,ZERO,D0_FLAT_vs_D1_EARLY,122,-0.02459016393442623,-3.7540983606557377,0.4918032786885246,0.4918032786885246,0,-0.4918032786885246,1.3114754098360655,0.0,1.0,0.0,-0.8278688524590164,-1.3114754098360655
2d10+4d6,6,ADAPTIVE,POSITIVE,D0_FLAT_vs_D1_EARLY,250,-0.236,-6.06,1.008,1.008,0.004,-1.008,3.096,0.028,0.972,0.0,-1.224,-3.024
2d10+4d6,6,ADAPTIVE,ALL,D0_FLAT_vs_D2_LATE,500,-2.614,-5.228,1.194,1.194,0,-1.194,2.86,0.467,0.533,0.0,,
2d10+4d6,6,ADAPTIVE,NEGATIVE,D0_FLAT_vs_D2_LATE,128,-1.51953125,-3.0390625,0.734375,0.734375,0,-0.734375,0.984375,0.42578125,0.57421875,0.0,,
2d10+4d6,6,ADAPTIVE,ZERO,D0_FLAT_vs_D2_LATE,122,-3.8934426229508197,-7.786885245901639,1.2295081967213115,1.2295081967213115,0,-1.2295081967213115,2.7950819672131146,0.5040983606557377,0.4959016393442623,0.0,,
2d10+4d6,6,ADAPTIVE,POSITIVE,D0_FLAT_vs_D2_LATE,250,-2.55,-5.1,1.412,1.412,0,-1.412,3.852,0.47,0.53,0.0,,
2d10+4d6,6,AGGRESSIVE,ALL,D0_FLAT_vs_D1_EARLY,500,-2.085,-6.728,0.866,0.866,0.025999999999999995,-0.004,3.362,0.701,0.286,0.013,-0.7117794486215538,-0.17042606516290726
2d10+4d6,6,AGGRESSIVE,ALL,D0_FLAT_vs_D2_LATE,500,-2.9330900243309004,-4.822,0.004,0.004,0.0,-0.004,0.098,0.9732360097323601,0.0267639902676399,0.0,,
2d10+4d6,6,GREEDY,ALL,D0_FLAT_vs_D1_EARLY,500,0,-3.212,5.018,5.018,0.016000000000000014,-0.004,5.53,0.0,1.0,0.0,-1.631578947368421,-1.736842105263158
2d10+4d6,6,GREEDY,ALL,D0_FLAT_vs_D2_LATE,500,-2.6216216216216215,-0.412,0.004,0.004,0.010000000000000009,-0.004,0.098,0.8780487804878049,0.12195121951219512,0.0,,
2d10+4d6,9,EFFICIENT,ALL,D0_FLAT_vs_D1_EARLY,500,-2.945,-5.89,0,0,0,0,0,0.987,0.013,0.0,0,0
2d10+4d6,9,EFFICIENT,ALL,D0_FLAT_vs_D2_LATE,500,-2.912,-5.824,0,0,0,0,0,0.977,0.023,0.0,0,0
2d10+4d6,9,ADAPTIVE,ALL,D0_FLAT_vs_D1_EARLY,500,-0.052,-4.798,0.57,0.57,0.004,-0.57,1.756,0.005,0.995,0.0,-0.324,-1.756
2d10+4d6,9,ADAPTIVE,NEGATIVE,D0_FLAT_vs_D1_EARLY,128,0,-2.8515625,0.640625,0.640625,0,-0.640625,0.9375,0.0,1.0,0.0,-0.2109375,-0.9375
2d10+4d6,9,ADAPTIVE,ZERO,D0_FLAT_vs_D1_EARLY,122,-0.02459016393442623,-3.4672131147540983,0.29508196721311475,0.29508196721311475,0,-0.29508196721311475,1.1475409836065573,0.004098360655737705,0.9959016393442623,0.0,-0.07377049180327869,-1.1475409836065573
2d10+4d6,9,ADAPTIVE,POSITIVE,D0_FLAT_vs_D1_EARLY,250,-0.092,-6.444,0.668,0.668,0.008,-0.668,2.472,0.008,0.992,0.0,-0.504,-2.472
2d10+4d6,9,ADAPTIVE,ALL,D0_FLAT_vs_D2_LATE,500,-0.92,-6.94,1.266,1.266,0,-1.266,3.478,0.293,0.707,0.0,-5.1,-1.266
2d10+4d6,9,ADAPTIVE,NEGATIVE,D0_FLAT_vs_D2_LATE,128,-0.25,-4.296875,0.7265625,0.7265625,0,-0.7265625,1.6171875,0.06640625,0.93359375,0.0,-3.796875,-0.7265625
2d10+4d6,9,ADAPTIVE,ZERO,D0_FLAT_vs_D2_LATE,122,-0.8483606557377049,-7.508196721311475,1.1885245901639345,1.1885245901639345,0,-1.1885245901639345,3.081967213114754,0.3442622950819672,0.6557377049180327,0.0,-5.811475409836065,-1.1885245901639345
2d10+4d6,9,ADAPTIVE,POSITIVE,D0_FLAT_vs_D2_LATE,250,-1.298,-8.016,1.58,1.58,0,-1.58,4.624,0.384,0.616,0.0,-5.42,-1.58
2d10+4d6,9,AGGRESSIVE,ALL,D0_FLAT_vs_D1_EARLY,500,-2.15,-8.012,0.492,0.492,0.014000000000000012,0,4.212,0.705,0.287,0.008,-1.1048951048951048,-0.28205128205128205
2d10+4d6,9,AGGRESSIVE,ALL,D0_FLAT_vs_D2_LATE,500,-2.899532710280374,-4.964,0,0,0.0,0,0.01,0.9719626168224299,0.026869158878504672,0.0011682242990654205,0,0
2d10+4d6,9,GREEDY,ALL,D0_FLAT_vs_D1_EARLY,500,0,-5.74,4.374,4.374,0,0,5.53,0.0,1.0,0.0,-1.8771929824561404,-2.3333333333333335
2d10+4d6,9,GREEDY,ALL,D0_FLAT_vs_D2_LATE,500,-3,-0.03,0,0,0,0,0.018,1.0,0.0,0.0,,
1d8+3d6,6,EFFICIENT,ALL,D0_FLAT_vs_D1_EARLY,500,-1.804,-3.608,0,0,0,0,0,0.606,0.394,0.0,0,0
1d8+3d6,6,EFFICIENT,ALL,D0_FLAT_vs_D2_LATE,500,-1.836,-3.672,0,0,0,0,0,0.605,0.395,0.0,,
1d8+3d6,6,ADAPTIVE,ALL,D0_FLAT_vs_D1_EARLY,500,0,-0.04,0.154,0.154,0,-0.154,0.154,0.0,1.0,0.0,-0.028,-0.154
1d8+3d6,6,ADAPTIVE,NEGATIVE,D0_FLAT_vs_D1_EARLY,125,0,0,0,0,0,0,0,0.0,1.0,0.0,0,0
1d8+3d6,6,ADAPTIVE,ZERO,D0_FLAT_vs_D1_EARLY,165,0,-0.10909090909090909,0.17575757575757575,0.17575757575757575,0,-0.17575757575757575,0.17575757575757575,0.0,1.0,0.0,-0.07272727272727272,-0.17575757575757575
1d8+3d6,6,ADAPTIVE,POSITIVE,D0_FLAT_vs_D1_EARLY,210,0,-0.009523809523809525,0.22857142857142856,0.22857142857142856,0,-0.22857142857142856,0.22857142857142856,0.0,1.0,0.0,-0.009523809523809525,-0.22857142857142856
1d8+3d6,6,ADAPTIVE,ALL,D0_FLAT_vs_D2_LATE,500,0,0,1.41,1.41,0,-1.41,1.41,0.0,1.0,0.0,,
1d8+3d6,6,ADAPTIVE,NEGATIVE,D0_FLAT_vs_D2_LATE,125,0,0,1.256,1.256,0,-1.256,1.256,0.0,1.0,0.0,,
1d8+3d6,6,ADAPTIVE,ZERO,D0_FLAT_vs_D2_LATE,165,0,0,1.4,1.4,0,-1.4,1.4,0.0,1.0,0.0,,
1d8+3d6,6,ADAPTIVE,POSITIVE,D0_FLAT_vs_D2_LATE,210,0,0,1.5095238095238095,1.5095238095238095,0,-1.5095238095238095,1.5095238095238095,0.0,1.0,0.0,,
1d8+3d6,6,AGGRESSIVE,ALL,D0_FLAT_vs_D1_EARLY,500,-0.231,-0.744,1.03,1.03,0.004,-1.03,1.352,0.059,0.941,0.0,-0.032,-1.096
1d8+3d6,6,AGGRESSIVE,ALL,D0_FLAT_vs_D2_LATE,500,-0.25,-0.5,1.116,1.116,0,-1.116,1.254,0.066,0.934,0.0,,
1d8+3d6,6,GREEDY,ALL,D0_FLAT_vs_D1_EARLY,500,0,-4.532,1.56,1.56,0.124,-1.388,2.068,0.0,1.0,0.0,-0.06073752711496746,-1.5444685466377441
1d8+3d6,6,GREEDY,ALL,D0_FLAT_vs_D2_LATE,500,-0.2474747474747475,-0.55,1.116,1.116,0.005999999999999998,-1.116,1.27,0.0602655771195097,0.9397344228804902,0.0,,
1d8+3d6,9,EFFICIENT,ALL,D0_FLAT_vs_D1_EARLY,500,-1.804,-3.608,0,0,0,0,0,0.606,0.394,0.0,0,0
1d8+3d6,9,EFFICIENT,ALL,D0_FLAT_vs_D2_LATE,500,-1.895,-3.79,0,0,0,0,0,0.624,0.376,0.0,0,0
1d8+3d6,9,ADAPTIVE,ALL,D0_FLAT_vs_D1_EARLY,500,0,-0.014,0.042,0.042,0,-0.042,0.042,0.0,1.0,0.0,-0.004,-0.042
1d8+3d6,9,ADAPTIVE,NEGATIVE,D0_FLAT_vs_D1_EARLY,125,0,0,0,0,0,0,0,0.0,1.0,0.0,0,0
1d8+3d6,9,ADAPTIVE,ZERO,D0_FLAT_vs_D1_EARLY,165,0,-0.012121212121212121,0.012121212121212121,0.012121212121212121,0,-0.012121212121212121,0.012121212121212121,0.0,1.0,0.0,0,-0.012121212121212121
1d8+3d6,9,ADAPTIVE,POSITIVE,D0_FLAT_vs_D1_EARLY,210,0,-0.023809523809523808,0.09047619047619047,0.09047619047619047,0,-0.09047619047619047,0.09047619047619047,0.0,1.0,0.0,-0.009523809523809525,-0.09047619047619047
1d8+3d6,9,ADAPTIVE,ALL,D0_FLAT_vs_D2_LATE,500,-0.001,-0.002,1.408,1.408,0,-1.408,1.408,0.0,1.0,0.0,0,-1.408
1d8+3d6,9,ADAPTIVE,NEGATIVE,D0_FLAT_vs_D2_LATE,125,-0.004,-0.008,1.36,1.36,0,-1.36,1.36,0.0,1.0,0.0,0,-1.36
1d8+3d6,9,ADAPTIVE,ZERO,D0_FLAT_vs_D2_LATE,165,0,0,1.4242424242424243,1.4242424242424243,0,-1.4242424242424243,1.4242424242424243,0.0,1.0,0.0,0,-1.4242424242424243
1d8+3d6,9,ADAPTIVE,POSITIVE,D0_FLAT_vs_D2_LATE,210,0,0,1.4238095238095239,1.4238095238095239,0,-1.4238095238095239,1.4238095238095239,0.0,1.0,0.0,0,-1.4238095238095239
1d8+3d6,9,AGGRESSIVE,ALL,D0_FLAT_vs_D1_EARLY,500,-0.111,-0.712,1.412,1.412,0,-1.412,1.756,0.028,0.972,0.0,-0.048,-1.552
1d8+3d6,9,AGGRESSIVE,ALL,D0_FLAT_vs_D2_LATE,500,-0.209,-0.474,1.182,1.182,0,-1.182,1.354,0.05,0.95,0.0,-0.056,-1.182
1d8+3d6,9,GREEDY,ALL,D0_FLAT_vs_D1_EARLY,500,0,-4.518,1.566,1.566,0.106,-1.562,2.068,0.0,1.0,0.0,-0.0020242914979757085,-1.959514170040486
1d8+3d6,9,GREEDY,ALL,D0_FLAT_vs_D2_LATE,500,-0.15593561368209255,-0.804,1.254,1.254,0.024000000000000004,-1.254,1.474,0.03643724696356275,0.9635627530364372,0.0,-0.04811715481171548,-1.211297071129707
