pool,length,policy,form_group,pairs,mean_delta_score_late_minus_early,delta_dnf_rate_late_minus_early,mean_delta_production_late_minus_early,mean_delta_spent_late_minus_early,mean_delta_reserve_late_minus_early,mean_delta_terrain_extra_cost_late_minus_early,turn_production_delta_late_minus_early
6d6,6,EFFICIENT,ALL,500,0.022,0,0.0036666666666666644,0,0,0,"[0, 2.86, 2.854, 0, -2.832, -2.86]"
6d6,6,ADAPTIVE,ALL,500,0.854,0,0.14233333333333328,0.682,-0.682,0.682,"[0, 0, 0.196, 0.224, 0.32, 0.114]"
6d6,6,ADAPTIVE,NEGATIVE,100,1.46,0,0.2433333333333331,-0.06,0.06,-0.06,"[0, 0, 0, 0.57, 0.33, 0.56]"
6d6,6,ADAPTIVE,ZERO,131,1.3358778625954197,0,0.22264631043256983,0.16793893129770993,-0.16793893129770993,0.16793893129770993,"[0, 0, 0.5801526717557252, 0.12213740458015267, 0.6259541984732825, 0.007633587786259542]"
6d6,6,ADAPTIVE,POSITIVE,269,0.3940520446096654,0,0.06567534076827763,1.20817843866171,-1.20817843866171,1.20817843866171,"[0, 0, 0.08178438661710037, 0.1449814126394052, 0.16728624535315986, 0]"
6d6,6,AGGRESSIVE,ALL,500,3.188,-0.046,0.03749999999999985,-0.394,0.018,-3.03,"[0, 1.316, 1.768, 1.1428571428571428, -0.9697624190064795, -2.1166306695464363]"
6d6,6,GREEDY,ALL,500,9.934,-0.09999999999999998,-0.28603333333333336,-4.73,0.032,-5.936,"[0, 0, 0, 0.9921875, -0.4943820224719101, -2.942857142857143]"
6d6,9,EFFICIENT,ALL,500,-0.03,0,-0.003333333333333318,0,0,0,"[0, 2.86, 2.854, 0, 0, 0, -2.9, -2.844, 0]"
6d6,9,ADAPTIVE,ALL,500,1.082,0,0.12022222222222229,-0.144,0.144,-0.158,"[0, 0, 0.032, 0.094, 0.176, 0.218, 0.214, 0.258, 0.09]"
6d6,9,ADAPTIVE,NEGATIVE,100,1.7,0,0.18888888888888844,-0.86,0.86,-0.91,"[0, 0, 0.06, 0.02, 0.12, 0.21, 0.52, 0.34, 0.43]"
6d6,9,ADAPTIVE,ZERO,131,1.8625954198473282,0,0.20695504664970377,-0.5038167938931297,0.5038167938931297,-0.5190839694656488,"[0, 0, 0, 0.03816793893129771, 0.5038167938931297, 0.549618320610687, 0.21374045801526717, 0.5419847328244275, 0.015267175572519083]"
6d6,9,ADAPTIVE,POSITIVE,269,0.4721189591078067,0,0.05245766212308961,0.29739776951672864,-0.29739776951672864,0.29739776951672864,"[0, 0, 0.03717472118959108, 0.14869888475836432, 0.03717472118959108, 0.05947955390334572, 0.10037174721189591, 0.08921933085501858, 0]"
6d6,9,AGGRESSIVE,ALL,500,5.354,-0.032,0.17354444444444436,-0.158,0.008,-4.562,"[0, 1.148, 1.636, 1.3162217659137576, 1.4709543568464731, 1.2656903765690377, -1.7442348008385744, -2.4318658280922434, 0.06289308176100629]"
6d6,9,GREEDY,ALL,500,19.878,-0.014000000000000012,-0.3438682539682539,-3.09,0.006,-6.21,"[0, 0, 0, 0.7314814814814815, 1.0778443113772456, 0.9351851851851852, -0.4032258064516129, -1.1666666666666667, 0.09090909090909091]"
4d8+1d6,6,EFFICIENT,ALL,500,-0.092,0,-0.015333333333333386,0.004,-0.004,0.002,"[0, 2.756, 2.772, 0, -2.826, -2.794]"
4d8+1d6,6,ADAPTIVE,ALL,500,0.818,0,0.13633333333333333,1.544,-1.544,1.538,"[0, 0, 0.162, 0.272, 0.282, 0.102]"
4d8+1d6,6,ADAPTIVE,NEGATIVE,123,1.853658536585366,0,0.3089430894308942,0.43902439024390244,-0.43902439024390244,0.4146341463414634,"[0, 0, 0.3089430894308943, 0.42276422764227645, 0.3902439024390244, 0.7317073170731707]"
4d8+1d6,6,ADAPTIVE,ZERO,143,0.7832167832167832,0,0.13053613053613056,1.055944055944056,-1.055944055944056,1.055944055944056,"[0, 0, 0.15384615384615385, 0.38461538461538464, 0.3076923076923077, -0.06293706293706294]"
4d8+1d6,6,ADAPTIVE,POSITIVE,234,0.2948717948717949,0,0.0491452991452992,2.423076923076923,-2.423076923076923,2.423076923076923,"[0, 0, 0.08974358974358974, 0.12393162393162394, 0.2094017094017094, -0.1282051282051282]"
4d8+1d6,6,AGGRESSIVE,ALL,500,2.302,-0.03,0.030166666666666685,-0.424,-0.032,-2.91,"[0, 1.446, 1.918, 0.9824561403508771, -1.531111111111111, -2.2333333333333334]"
4d8+1d6,6,GREEDY,ALL,500,8.038,-0.06000000000000005,-0.21189999999999998,-4.724,-0.008,-5.74,"[0, 0, 0, 0.9333333333333333, -0.23076923076923078, -2.6363636363636362]"
4d8+1d6,9,EFFICIENT,ALL,500,0.036,0,0.004,0.002,-0.002,0,"[0, 2.756, 2.772, 0, 0, 0, -2.7, -2.792, 0]"
4d8+1d6,9,ADAPTIVE,ALL,500,1.204,0,0.13377777777777772,0.202,-0.202,0.178,"[0, 0, 0.102, 0.146, 0.166, 0.196, 0.242, 0.244, 0.108]"
4d8+1d6,9,ADAPTIVE,NEGATIVE,123,2.4471544715447155,0,0.27190605239385723,-0.6504065040650406,0.6504065040650406,-0.7235772357723578,"[0, 0, 0, 0.3821138211382114, 0.34959349593495936, 0.2845528455284553, 0.43089430894308944, 0.43089430894308944, 0.5691056910569106]"
4d8+1d6,9,ADAPTIVE,ZERO,143,1.4405594405594406,0,0.16006216006215998,-0.22377622377622378,0.22377622377622378,-0.24475524475524477,"[0, 0, 0.2867132867132867, 0.13286713286713286, 0.1258741258741259, 0.2097902097902098, 0.35664335664335667, 0.3006993006993007, 0.027972027972027972]"
4d8+1d6,9,ADAPTIVE,POSITIVE,234,0.405982905982906,0,0.04510921177587837,0.9102564102564102,-0.9102564102564102,0.9102564102564102,"[0, 0, 0.042735042735042736, 0.029914529914529916, 0.09401709401709402, 0.14102564102564102, 0.07264957264957266, 0.1111111111111111, -0.08547008547008547]"
4d8+1d6,9,AGGRESSIVE,ALL,500,4.424,-0.022,0.13766666666666666,-0.324,-0.002,-4.484,"[0, 1.274, 1.864, 1.1183932346723044, 1.1207627118644068, 0.8852813852813853, -1.8630434782608696, -2.4717391304347824, 0.041304347826086954]"
4d8+1d6,9,GREEDY,ALL,500,16.862,-0.006000000000000005,-0.26621746031746035,-3.238,-0.004,-5.908,"[0, 0, 0, 1, 1.248, 0.8405797101449275, 0.02702702702702703, -2.066666666666667, -0.3333333333333333]"
2d10+4d6,6,EFFICIENT,ALL,500,0,0,-1.4210854715202004e-17,0,0,0,"[0, 2.962, 2.928, 0, -2.94, -2.95]"
2d10+4d6,6,ADAPTIVE,ALL,500,-0.722,-0.002,-0.1264666666666667,0.396,-0.396,0.752,"[0, 0.006, 0.242, 0.878, 0.744, -2.6312625250501003]"
2d10+4d6,6,ADAPTIVE,NEGATIVE,128,-0.8515625,0,-0.1419270833333332,0.0546875,-0.0546875,0.046875,"[0, 0, 0, 0.25, 0.2265625, -1.328125]"
2d10+4d6,6,ADAPTIVE,ZERO,122,-4.032786885245901,0,-0.6721311475409837,0.7377049180327869,-0.7377049180327869,1.4836065573770492,"[0, 0, 0.04918032786885246, 0.8278688524590164, 0.8278688524590164, -5.737704918032787]"
2d10+4d6,6,ADAPTIVE,POSITIVE,250,0.96,-0.004,0.14773333333333327,0.404,-0.404,0.756,"[0, 0.012, 0.46, 1.224, 0.968, -1.7791164658634537]"
2d10+4d6,6,AGGRESSIVE,ALL,500,1.906,-0.025999999999999995,0.0018333333333332789,-0.862,0,-3.264,"[0, 2.232, 1.938, 0.7117794486215538, -2.4045226130653266, -2.841708542713568]"
2d10+4d6,6,GREEDY,ALL,500,2.8,-0.006000000000000005,-0.05043333333333334,-5.014,0,-5.432,"[0, 0, 0, 1.631578947368421, -0.6, -2]"
2d10+4d6,9,EFFICIENT,ALL,500,0.066,0,0.007333333333333385,0,0,0,"[0, 2.962, 2.928, 0, 0, 0, -2.942, -2.882, 0]"
2d10+4d6,9,ADAPTIVE,ALL,500,-2.142,-0.004,-0.25025396825396845,0.696,-0.696,1.722,"[0, 0, 0.104, 0.324, 0.362, 0.512, 0.738, -0.8396793587174348, -3.4558232931726907]"
2d10+4d6,9,ADAPTIVE,NEGATIVE,128,-1.4453125,0,-0.16059027777777826,0.0859375,-0.0859375,0.6796875,"[0, 0, 0, 0.2109375, 0.1953125, 0.2109375, 0.25, -0.109375, -2.203125]"
2d10+4d6,9,ADAPTIVE,ZERO,122,-4.040983606557377,0,-0.448998178506376,0.8934426229508197,-0.8934426229508197,1.9344262295081966,"[0, 0, 0.04918032786885246, 0.07377049180327869, 0.13934426229508196, 0.23770491803278687, 0.6885245901639344, -0.9508196721311475, -4.278688524590164]"
2d10+4d6,9,ADAPTIVE,POSITIVE,250,-1.572,-0.008,-0.19917460317460298,0.912,-0.912,2.152,"[0, 0, 0.184, 0.504, 0.556, 0.8, 1.012, -1.1606425702811245, -3.6975806451612905]"
2d10+4d6,9,AGGRESSIVE,ALL,500,3.048,-0.014000000000000012,0.07552222222222223,-0.492,0,-4.202,"[0, 2.17, 2.13, 1.1048951048951048, 0.6335697399527187, 0.15, -2.8261904761904764, -2.842857142857143, 0.014285714285714285]"
2d10+4d6,9,GREEDY,ALL,500,5.71,0,-0.06153095238095237,-4.374,0,-5.512,"[0, 0, 0, 1.8771929824561404, 2, 4.833333333333333, 3, null, null]"
1d8+3d6,6,EFFICIENT,ALL,500,-0.064,0,-0.010666666666666614,0,0,0,"[0, 1.77, 1.838, 0, -1.77, -1.902]"
1d8+3d6,6,ADAPTIVE,ALL,500,0.04,0,0.0066666666666666576,1.256,-1.256,1.256,"[0, 0, 0, 0.028, 0.012, 0]"
1d8+3d6,6,ADAPTIVE,NEGATIVE,125,0,0,0.0,1.256,-1.256,1.256,"[0, 0, 0, 0, 0, 0]"
1d8+3d6,6,ADAPTIVE,ZERO,165,0.10909090909090909,0,0.01818181818181816,1.2242424242424241,-1.2242424242424241,1.2242424242424241,"[0, 0, 0, 0.07272727272727272, 0.03636363636363636, 0]"
1d8+3d6,6,ADAPTIVE,POSITIVE,210,0.009523809523809525,0,0.0015873015873015817,1.2809523809523808,-1.2809523809523808,1.2809523809523808,"[0, 0, 0, 0.009523809523809525, 0, 0]"
1d8+3d6,6,AGGRESSIVE,ALL,500,0.244,-0.004,0.024699999999999975,0.086,-0.086,-0.098,"[0, 0.218, 0.244, 0.032, -0.09218436873747494, -0.25301204819277107]"
1d8+3d6,6,GREEDY,ALL,500,3.982,-0.118,-0.1741666666666667,-0.444,0.272,-0.798,"[0, 0, 0, 0.06073752711496746, -0.05605381165919283, -0.19148936170212766]"
1d8+3d6,9,EFFICIENT,ALL,500,-0.182,0,-0.020222222222222256,0,0,0,"[0, 1.77, 1.838, 0, 0, 0, -1.844, -1.946, 0]"
1d8+3d6,9,ADAPTIVE,ALL,500,0.012,0,0.0013333333333333322,1.366,-1.366,1.366,"[0, 0, 0, 0.004, 0, 0.01, 0, -0.002, 0]"
1d8+3d6,9,ADAPTIVE,NEGATIVE,125,-0.008,0,-0.0008888888888888857,1.36,-1.36,1.36,"[0, 0, 0, 0, 0, 0, 0, -0.008, 0]"
1d8+3d6,9,ADAPTIVE,ZERO,165,0.012121212121212121,0,0.001346801346801342,1.412121212121212,-1.412121212121212,1.412121212121212,"[0, 0, 0, 0, 0, 0.012121212121212121, 0, 0, 0]"
1d8+3d6,9,ADAPTIVE,POSITIVE,210,0.023809523809523808,0,0.0026455026455026445,1.3333333333333333,-1.3333333333333333,1.3333333333333333,"[0, 0, 0, 0.009523809523809525, 0, 0.014285714285714285, 0, 0, 0]"
1d8+3d6,9,AGGRESSIVE,ALL,500,0.238,0,0.026444444444444458,-0.23,0.23,-0.402,"[0, 0.09, 0.132, 0.048, 0.07, 0.018, -0.132, -0.062, 0.074]"
1d8+3d6,9,GREEDY,ALL,500,3.714,-0.08199999999999999,-0.07873412698412698,-0.312,0.308,-0.594,"[0, 0, 0, 0.0020242914979757085, 0.006109979633401222, 0.008281573498964804, -0.08050847457627118, -0.04793028322440087, 0.016355140186915886]"
